{
	"type": "FeatureCollection",
	"features": [
		{
			"type": "Feature",
			"properties": {
				"geoid": "24019",
				"name": "Dorchester",
				"namelsad": "Dorchester County",
				"served": false
			},
			"geometry": {
				"type": "Polygon",
				"coordinates": [
					[
						[-76.08881, 38.16313],
						[-76.08047, 38.17354],
						[-76.08724, 38.19194],
						[-76.05884, 38.19101],
						[-76.0561, 38.19717],
						[-76.07049, 38.20291],
						[-76.0638, 38.20505],
						[-76.04899, 38.20378],
						[-76.03666, 38.19231],
						[-76.04208, 38.18419],
						[-76.02901, 38.18382],
						[-76.02238, 38.17377],
						[-76.0403, 38.16569],
						[-76.0289, 38.15418],
						[-76.03802, 38.14717],
						[-76.05115, 38.14753],
						[-76.06371, 38.17092],
						[-76.07666, 38.15822],
						[-76.08474, 38.15663],
						[-76.08881, 38.16313]
					],
					[
						[-76.08974, 38.1468],
						[-76.08441, 38.14536],
						[-76.08565, 38.13858],
						[-76.08974, 38.1468]
					],
					[
						[-76.09027, 38.11967],
						[-76.08446, 38.12273],
						[-76.08591, 38.11668],
						[-76.09027, 38.11967]
					],
					[
						[-76.26436, 38.34199],
						[-76.25456, 38.34067],
						[-76.25896, 38.33928],
						[-76.25449, 38.32493],
						[-76.26436, 38.34199]
					],
					[
						[-76.33264, 38.48445],
						[-76.32492, 38.48752],
						[-76.32694, 38.4984],
						[-76.31081, 38.49637],
						[-76.28755, 38.50354],
						[-76.28166, 38.49607],
						[-76.26538, 38.49747],
						[-76.2473, 38.52382],
						[-76.22676, 38.52546],
						[-76.22022, 38.53187],
						[-76.22284, 38.53978],
						[-76.2444, 38.53697],
						[-76.2674, 38.54256],
						[-76.27406, 38.53121],
						[-76.27927, 38.53558],
						[-76.27556, 38.55247],
						[-76.2813, 38.56112],
						[-76.30501, 38.57249],
						[-76.29185, 38.58366],
						[-76.28095, 38.57472],
						[-76.26621, 38.58605],
						[-76.27213, 38.59208],
						[-76.26229, 38.60231],
						[-76.27489, 38.60358],
						[-76.28456, 38.62641],
						[-76.2699, 38.61001],
						[-76.26088, 38.61754],
						[-76.25136, 38.61391],
						[-76.25454, 38.62225],
						[-76.24927, 38.62615],
						[-76.23543, 38.62703],
						[-76.23626, 38.61243],
						[-76.21243, 38.60674],
						[-76.17017, 38.62867],
						[-76.16472, 38.6219],
						[-76.16864, 38.60221],
						[-76.16128, 38.59512],
						[-76.14131, 38.60602],
						[-76.11433, 38.58299],
						[-76.08831, 38.59274],
						[-76.07488, 38.57732],
						[-76.04315, 38.56208],
						[-76.02651, 38.56682],
						[-76.02847, 38.57234],
						[-75.99056, 38.59326],
						[-75.98093, 38.61005],
						[-75.98351, 38.62511],
						[-75.95792, 38.64804],
						[-75.949, 38.6718],
						[-75.93685, 38.68014],
						[-75.92985, 38.67599],
						[-75.91757, 38.68011],
						[-75.89709, 38.70132],
						[-75.87835, 38.69353],
						[-75.84035, 38.70419],
						[-75.80047, 38.69691],
						[-75.79841, 38.67634],
						[-75.77321, 38.67639],
						[-75.76272, 38.68622],
						[-75.70736, 38.6354],
						[-75.70157, 38.56074],
						[-75.72721, 38.53975],
						[-75.74695, 38.53624],
						[-75.76499, 38.50648],
						[-75.82371, 38.48102],
						[-75.8149, 38.46646],
						[-75.83316, 38.45762],
						[-75.83674, 38.44809],
						[-75.82134, 38.43926],
						[-75.82129, 38.43013],
						[-75.84557, 38.42187],
						[-75.85095, 38.40454],
						[-75.83828, 38.38588],
						[-75.86905, 38.37981],
						[-75.86358, 38.3595],
						[-75.91219, 38.34319],
						[-75.91356, 38.32706],
						[-75.92728, 38.32138],
						[-75.93833, 38.30683],
						[-75.93858, 38.27233],
						[-75.95491, 38.264],
						[-75.95454, 38.25289],
						[-75.9407, 38.2469],
						[-75.94923, 38.23751],
						[-75.97026, 38.23381],
						[-75.96195, 38.25139],
						[-75.98253, 38.26446],
						[-75.981, 38.27512],
						[-76.01736, 38.30911],
						[-75.96531, 38.3225],
						[-75.95735, 38.34757],
						[-75.96662, 38.34766],
						[-75.97589, 38.36751],
						[-76.01296, 38.37487],
						[-76.00512, 38.36844],
						[-76.01724, 38.33294],
						[-76.06276, 38.30459],
						[-76.0448, 38.30122],
						[-76.02696, 38.28141],
						[-76.0406, 38.25026],
						[-76.05848, 38.2502],
						[-76.04415, 38.24367],
						[-76.03204, 38.21668],
						[-76.04077, 38.225],
						[-76.05817, 38.22839],
						[-76.07488, 38.25487],
						[-76.09972, 38.25365],
						[-76.10759, 38.26252],
						[-76.09651, 38.25702],
						[-76.07702, 38.26924],
						[-76.08831, 38.2725],
						[-76.08665, 38.27931],
						[-76.09888, 38.28081],
						[-76.09877, 38.29144],
						[-76.1113, 38.28695],
						[-76.11588, 38.29153],
						[-76.10566, 38.29545],
						[-76.10578, 38.30161],
						[-76.12883, 38.30263],
						[-76.13228, 38.28948],
						[-76.12354, 38.28109],
						[-76.13852, 38.28139],
						[-76.14919, 38.27191],
						[-76.14988, 38.28466],
						[-76.13204, 38.30776],
						[-76.16437, 38.31578],
						[-76.17471, 38.32464],
						[-76.19717, 38.3169],
						[-76.19895, 38.32473],
						[-76.18778, 38.32492],
						[-76.1898, 38.33172],
						[-76.18267, 38.33676],
						[-76.16746, 38.32175],
						[-76.16056, 38.32044],
						[-76.15949, 38.32744],
						[-76.17197, 38.33517],
						[-76.17209, 38.34599],
						[-76.18243, 38.35959],
						[-76.20465, 38.37105],
						[-76.21868, 38.36506],
						[-76.2138, 38.38689],
						[-76.22818, 38.39453],
						[-76.23389, 38.36528],
						[-76.21071, 38.32921],
						[-76.22141, 38.32399],
						[-76.22034, 38.31019],
						[-76.19883, 38.28986],
						[-76.17209, 38.29722],
						[-76.16047, 38.29098],
						[-76.1778, 38.29051],
						[-76.17355, 38.28523],
						[-76.18207, 38.28034],
						[-76.17471, 38.27027],
						[-76.17958, 38.26681],
						[-76.16325, 38.24891],
						[-76.1463, 38.24968],
						[-76.12572, 38.23902],
						[-76.14056, 38.23184],
						[-76.17173, 38.24787],
						[-76.20647, 38.29843],
						[-76.22964, 38.31438],
						[-76.23294, 38.34524],
						[-76.24967, 38.36421],
						[-76.27807, 38.38239],
						[-76.28284, 38.41578],
						[-76.33156, 38.47355],
						[-76.33264, 38.48445]
					]
				]
			}
		},
		{
			"type": "Feature",
			"properties": {
				"geoid": "24037",
				"name": "St. Mary's",
				"namelsad": "St. Mary's County",
				"served": false
			},
			"geometry": {
				"type": "Polygon",
				"coordinates": [
					[
						[-76.8737, 38.38517],
						[-76.85032, 38.39834],
						[-76.82269, 38.42838],
						[-76.76829, 38.51295],
						[-76.71433, 38.51036],
						[-76.69365, 38.49621],
						[-76.67412, 38.49962],
						[-76.65214, 38.47375],
						[-76.65387, 38.46336],
						[-76.62468, 38.44367],
						[-76.60837, 38.42444],
						[-76.56561, 38.40705],
						[-76.55839, 38.39586],
						[-76.53408, 38.39777],
						[-76.50045, 38.37163],
						[-76.48408, 38.34807],
						[-76.48898, 38.32716],
						[-76.472, 38.32501],
						[-76.47632, 38.31354],
						[-76.45921, 38.29443],
						[-76.43508, 38.29275],
						[-76.42272, 38.30478],
						[-76.40008, 38.30948],
						[-76.37502, 38.29942],
						[-76.39417, 38.27823],
						[-76.39932, 38.25928],
						[-76.38524, 38.21775],
						[-76.32014, 38.13834],
						[-76.34132, 38.11933],
						[-76.33193, 38.0996],
						[-76.32216, 38.0379],
						[-76.33018, 38.05119],
						[-76.36124, 38.05954],
						[-76.37162, 38.08174],
						[-76.39066, 38.09407],
						[-76.39234, 38.1029],
						[-76.42121, 38.10604],
						[-76.43757, 38.13611],
						[-76.43889, 38.16083],
						[-76.46967, 38.15336],
						[-76.46099, 38.13541],
						[-76.4698, 38.11926],
						[-76.46548, 38.1066],
						[-76.47327, 38.10303],
						[-76.50212, 38.13888],
						[-76.51849, 38.14095],
						[-76.52987, 38.13408],
						[-76.55296, 38.18721],
						[-76.59433, 38.21581],
						[-76.68598, 38.23277],
						[-76.68714, 38.24134],
						[-76.71986, 38.23315],
						[-76.72065, 38.23984],
						[-76.73206, 38.246],
						[-76.75229, 38.22212],
						[-76.77863, 38.22847],
						[-76.77779, 38.24292],
						[-76.78884, 38.25123],
						[-76.80595, 38.25227],
						[-76.809, 38.26897],
						[-76.80235, 38.28074],
						[-76.82489, 38.30115],
						[-76.83269, 38.33014],
						[-76.84161, 38.33676],
						[-76.82711, 38.34738],
						[-76.84787, 38.35544],
						[-76.84993, 38.36581],
						[-76.8713, 38.37764],
						[-76.8737, 38.38517]
					]
				]
			}
		},
		{
			"type": "Feature",
			"properties": {
				"geoid": "24039",
				"name": "Somerset",
				"namelsad": "Somerset County",
				"served": false
			},
			"geometry": {
				"type": "Polygon",
				"coordinates": [
					[
						[-75.95962, 38.13714],
						[-75.94728, 38.17079],
						[-75.95157, 38.17809],
						[-75.94237, 38.18707],
						[-75.88807, 38.20381],
						[-75.87775, 38.19829],
						[-75.8641, 38.20086],
						[-75.8372, 38.21818],
						[-75.82639, 38.21688],
						[-75.82032, 38.23079],
						[-75.86061, 38.2292],
						[-75.8353, 38.24908],
						[-75.80321, 38.25263],
						[-75.79565, 38.26615],
						[-75.77594, 38.2701],
						[-75.77007, 38.28395],
						[-75.76332, 38.28597],
						[-75.74165, 38.27916],
						[-75.73452, 38.28304],
						[-75.72081, 38.26714],
						[-75.69945, 38.26491],
						[-75.68723, 38.28995],
						[-75.66268, 38.29885],
						[-75.61276, 38.27863],
						[-75.60583, 38.24912],
						[-75.5494, 38.18551],
						[-75.54938, 38.16318],
						[-75.5696, 38.15361],
						[-75.57669, 38.14044],
						[-75.5545, 38.12335],
						[-75.54708, 38.10783],
						[-75.54011, 38.10831],
						[-75.54606, 38.09799],
						[-75.5404, 38.09666],
						[-75.54087, 38.08948],
						[-75.56952, 38.08711],
						[-75.57154, 38.0751],
						[-75.58159, 38.06827],
						[-75.61752, 38.07302],
						[-75.61932, 38.05817],
						[-75.63712, 38.0512],
						[-75.63801, 38.04479],
						[-75.65632, 38.05216],
						[-75.66183, 38.04185],
						[-75.65738, 38.03135],
						[-75.64585, 38.02064],
						[-75.63504, 38.02128],
						[-75.62894, 38.00741],
						[-75.61954, 38.00547],
						[-75.63383, 37.98452],
						[-75.62884, 37.97679],
						[-75.63822, 37.9794],
						[-75.65609, 37.96284],
						[-75.65538, 37.95366],
						[-75.67168, 37.96658],
						[-75.69042, 37.96693],
						[-75.71315, 37.97662],
						[-75.7161, 37.98898],
						[-75.72395, 37.98364],
						[-75.72266, 37.97131],
						[-75.73651, 37.96323],
						[-75.73714, 37.98299],
						[-75.74676, 37.98767],
						[-75.7451, 37.98046],
						[-75.75401, 37.97577],
						[-75.74653, 37.96978],
						[-75.78382, 37.97259],
						[-75.80927, 37.95516],
						[-75.81866, 37.96725],
						[-75.82615, 37.95282],
						[-75.81864, 37.94639],
						[-75.82095, 37.9389],
						[-75.88503, 37.91172],
						[-75.89728, 37.92634],
						[-75.88992, 37.95369],
						[-75.86572, 37.95151],
						[-75.86192, 37.97343],
						[-75.86786, 37.97746],
						[-75.87868, 37.96978],
						[-75.89008, 37.97699],
						[-75.88973, 37.96978],
						[-75.89843, 37.97483],
						[-75.86738, 38.02391],
						[-75.87281, 38.032],
						[-75.85751, 38.03878],
						[-75.8435, 38.02746],
						[-75.82644, 38.04587],
						[-75.79216, 38.05648],
						[-75.77374, 38.07706],
						[-75.78824, 38.08614],
						[-75.78978, 38.0722],
						[-75.80559, 38.07397],
						[-75.8006, 38.06191],
						[-75.81291, 38.05893],
						[-75.82425, 38.0722],
						[-75.83306, 38.06754],
						[-75.84426, 38.07227],
						[-75.85894, 38.06732],
						[-75.85888, 38.06014],
						[-75.87099, 38.05923],
						[-75.87202, 38.07164],
						[-75.87882, 38.07608],
						[-75.86394, 38.08034],
						[-75.87252, 38.08993],
						[-75.8637, 38.09007],
						[-75.86549, 38.09924],
						[-75.86014, 38.09689],
						[-75.83756, 38.11375],
						[-75.83825, 38.1262],
						[-75.82767, 38.13344],
						[-75.82068, 38.1256],
						[-75.80903, 38.13579],
						[-75.80535, 38.1284],
						[-75.78776, 38.13747],
						[-75.78848, 38.14579],
						[-75.80808, 38.14046],
						[-75.83292, 38.15168],
						[-75.8543, 38.14152],
						[-75.87166, 38.14205],
						[-75.86864, 38.13438],
						[-75.88029, 38.13702],
						[-75.88081, 38.14803],
						[-75.88676, 38.1499],
						[-75.90149, 38.1456],
						[-75.9067, 38.13756],
						[-75.92574, 38.15102],
						[-75.93263, 38.14925],
						[-75.92062, 38.13142],
						[-75.93709, 38.12421],
						[-75.93461, 38.11727],
						[-75.94178, 38.11191],
						[-75.94606, 38.12663],
						[-75.95962, 38.13714]
					],
					[
						[-76.04998, 37.99011],
						[-76.04493, 38.0255],
						[-76.0215, 38.03845],
						[-76.00927, 38.03843],
						[-76.00274, 38.02494],
						[-75.9863, 38.02195],
						[-75.98009, 38.00489],
						[-75.98425, 38.00401],
						[-75.98212, 37.98855],
						[-75.99324, 37.98495],
						[-75.99775, 37.96762],
						[-75.99063, 37.96294],
						[-75.9939, 37.95349],
						[-76.04653, 37.95359],
						[-76.04998, 37.99011]
					],
					[
						[-76.0542, 38.09427],
						[-76.03352, 38.091],
						[-76.03269, 38.1011],
						[-76.04798, 38.1087],
						[-76.01472, 38.1316],
						[-76.01349, 38.12085],
						[-76.02128, 38.11644],
						[-76.02259, 38.10615],
						[-76.00808, 38.09148],
						[-76.00628, 38.07856],
						[-76.01273, 38.07211],
						[-76.0239, 38.0837],
						[-76.03554, 38.08408],
						[-76.02972, 38.078],
						[-76.03492, 38.07693],
						[-76.0542, 38.09427]
					]
				]
			}
		},
		{
			"type": "Feature",
			"properties": {
				"geoid": "24047",
				"name": "Worcester",
				"namelsad": "Worcester County",
				"served": false
			},
			"geometry": {
				"type": "Polygon",
				"coordinates": [
					[
						[-75.66061, 38.04633],
						[-75.65426, 38.05288],
						[-75.63801, 38.04479],
						[-75.63712, 38.0512],
						[-75.62067, 38.05636],
						[-75.61523, 38.07405],
						[-75.58159, 38.06827],
						[-75.57154, 38.0751],
						[-75.56952, 38.08711],
						[-75.54087, 38.08948],
						[-75.5404, 38.09666],
						[-75.54606, 38.09799],
						[-75.54011, 38.10831],
						[-75.54708, 38.10783],
						[-75.5545, 38.12335],
						[-75.57669, 38.14044],
						[-75.5696, 38.15361],
						[-75.54938, 38.16318],
						[-75.5459, 38.17874],
						[-75.60583, 38.24912],
						[-75.61276, 38.27863],
						[-75.36464, 38.29036],
						[-75.35545, 38.31452],
						[-75.32321, 38.3319],
						[-75.30701, 38.35476],
						[-75.32916, 38.38041],
						[-75.3171, 38.40424],
						[-75.34125, 38.45197],
						[-75.04894, 38.45126],
						[-75.06137, 38.38947],
						[-75.08552, 38.32427],
						[-75.09389, 38.32343],
						[-75.10295, 38.31153],
						[-75.1938, 38.09601],
						[-75.24247, 38.02703],
						[-75.62434, 37.99421],
						[-75.61973, 38.00712],
						[-75.62894, 38.00741],
						[-75.63504, 38.02128],
						[-75.64585, 38.02064],
						[-75.65582, 38.02976],
						[-75.66061, 38.04633]
					]
				]
			}
		},
		{
			"type": "Feature",
			"properties": {
				"geoid": "37029",
				"name": "Camden",
				"namelsad": "Camden County",
				"served": false
			},
			"geometry": {
				"type": "Polygon",
				"coordinates": [
					[
						[-76.49148, 36.55073],
						[-76.3133, 36.55055],
						[-76.15853, 36.42533],
						[-76.15747, 36.39818],
						[-76.12181, 36.37109],
						[-76.11436, 36.35758],
						[-76.07413, 36.34614],
						[-76.06423, 36.34731],
						[-76.0528, 36.3603],
						[-76.03641, 36.35517],
						[-76.0288, 36.34913],
						[-76.03167, 36.3386],
						[-76.01698, 36.34463],
						[-76.0205, 36.33294],
						[-76.00174, 36.32347],
						[-75.99965, 36.31117],
						[-75.97108, 36.30836],
						[-75.96663, 36.28956],
						[-75.94843, 36.28527],
						[-75.94955, 36.27322],
						[-75.96891, 36.26422],
						[-75.94787, 36.22439],
						[-75.95995, 36.19888],
						[-75.94257, 36.18143],
						[-75.91719, 36.17263],
						[-75.91338, 36.16544],
						[-76.01699, 36.18637],
						[-76.02616, 36.202],
						[-76.04232, 36.21102],
						[-76.05396, 36.23483],
						[-76.07958, 36.23824],
						[-76.08415, 36.24821],
						[-76.10158, 36.2592],
						[-76.10568, 36.27244],
						[-76.13102, 36.29099],
						[-76.15442, 36.28942],
						[-76.17283, 36.30239],
						[-76.19547, 36.2965],
						[-76.21581, 36.30023],
						[-76.20065, 36.30605],
						[-76.19922, 36.31753],
						[-76.1876, 36.31456],
						[-76.1812, 36.32104],
						[-76.19221, 36.32814],
						[-76.21598, 36.32767],
						[-76.21418, 36.3416],
						[-76.22704, 36.34774],
						[-76.23133, 36.37208],
						[-76.25674, 36.36334],
						[-76.25889, 36.38427],
						[-76.29154, 36.38663],
						[-76.3231, 36.41732],
						[-76.32057, 36.4263],
						[-76.34557, 36.4214],
						[-76.34761, 36.42818],
						[-76.36756, 36.43139],
						[-76.36735, 36.43935],
						[-76.37681, 36.44594],
						[-76.43729, 36.46785],
						[-76.54154, 36.55031],
						[-76.49148, 36.55073]
					]
				]
			}
		},
		{
			"type": "Feature",
			"properties": {
				"geoid": "37041",
				"name": "Chowan",
				"namelsad": "Chowan County",
				"served": false
			},
			"geometry": {
				"type": "Polygon",
				"coordinates": [
					[
						[-76.72232, 36.16018],
						[-76.71429, 36.21528],
						[-76.67217, 36.27198],
						[-76.6938, 36.28221],
						[-76.69657, 36.29614],
						[-76.67258, 36.30327],
						[-76.66997, 36.31521],
						[-76.65157, 36.31061],
						[-76.64001, 36.32941],
						[-76.5966, 36.32326],
						[-76.58621, 36.33347],
						[-76.57076, 36.33429],
						[-76.55965, 36.35106],
						[-76.57261, 36.25807],
						[-76.58708, 36.24892],
						[-76.59011, 36.23886],
						[-76.57208, 36.10946],
						[-76.53906, 36.09457],
						[-76.51753, 36.0974],
						[-76.49442, 36.08457],
						[-76.47879, 36.09355],
						[-76.44559, 36.0759],
						[-76.41182, 36.07533],
						[-76.40811, 36.06802],
						[-76.45142, 36.03907],
						[-76.46032, 36.02414],
						[-76.51411, 36.00652],
						[-76.58043, 36.01055],
						[-76.60324, 36.03535],
						[-76.60681, 36.05418],
						[-76.61632, 36.05457],
						[-76.63985, 36.03593],
						[-76.67648, 36.04361],
						[-76.6919, 36.06629],
						[-76.68857, 36.10701],
						[-76.70497, 36.10989],
						[-76.72232, 36.16018]
					]
				]
			}
		},
		{
			"type": "Feature",
			"properties": {
				"geoid": "37053",
				"name": "Currituck",
				"namelsad": "Currituck County",
				"served": false
			},
			"geometry": {
				"type": "Polygon",
				"coordinates": [
					[
						[-76.3133, 36.55055],
						[-75.86765, 36.55041],
						[-75.81874, 36.35758],
						[-75.77333, 36.23153],
						[-75.79544, 36.22711],
						[-75.80197, 36.24246],
						[-75.81185, 36.2477],
						[-75.80387, 36.26767],
						[-75.80684, 36.28491],
						[-75.81314, 36.29171],
						[-75.8337, 36.29363],
						[-75.84529, 36.30561],
						[-75.85176, 36.32418],
						[-75.84594, 36.3326],
						[-75.82312, 36.32255],
						[-75.82205, 36.32801],
						[-75.82383, 36.34715],
						[-75.83215, 36.35605],
						[-75.82894, 36.36572],
						[-75.84855, 36.38017],
						[-75.84095, 36.39165],
						[-75.84071, 36.39739],
						[-75.84974, 36.40016],
						[-75.84332, 36.41996],
						[-75.8558, 36.42436],
						[-75.86495, 36.43775],
						[-75.88833, 36.44158],
						[-75.89991, 36.48212],
						[-75.91307, 36.48634],
						[-75.92413, 36.48212],
						[-75.93547, 36.4906],
						[-75.96115, 36.49479],
						[-75.97255, 36.49467],
						[-75.97689, 36.48756],
						[-75.9891, 36.49514],
						[-75.981, 36.51133],
						[-75.98623, 36.52566],
						[-76.00263, 36.53711],
						[-76.03067, 36.53883],
						[-76.02639, 36.51649],
						[-76.04256, 36.51056],
						[-76.01234, 36.44746],
						[-75.98987, 36.43681],
						[-75.97197, 36.43717],
						[-75.95628, 36.40083],
						[-75.94066, 36.39871],
						[-75.94434, 36.41057],
						[-75.93411, 36.42745],
						[-75.92451, 36.42545],
						[-75.923, 36.39988],
						[-75.91641, 36.38901],
						[-75.92333, 36.36186],
						[-75.89529, 36.31961],
						[-75.88338, 36.28474],
						[-75.85679, 36.28066],
						[-75.86331, 36.27371],
						[-75.86237, 36.26294],
						[-75.87233, 36.25475],
						[-75.8643, 36.24515],
						[-75.86386, 36.22931],
						[-75.8488, 36.21545],
						[-75.84118, 36.21651],
						[-75.83011, 36.19651],
						[-75.82913, 36.18924],
						[-75.83883, 36.20038],
						[-75.84517, 36.19185],
						[-75.83429, 36.16762],
						[-75.82471, 36.16285],
						[-75.82558, 36.14618],
						[-75.80677, 36.1197],
						[-75.79943, 36.11767],
						[-75.80302, 36.09872],
						[-75.79071, 36.07799],
						[-75.79817, 36.0722],
						[-75.84932, 36.10481],
						[-75.86674, 36.12748],
						[-75.86287, 36.15961],
						[-75.87503, 36.18414],
						[-75.90013, 36.20303],
						[-75.89776, 36.20952],
						[-75.90979, 36.21255],
						[-75.90717, 36.21836],
						[-75.92329, 36.24595],
						[-75.95861, 36.25968],
						[-75.96251, 36.26682],
						[-75.94955, 36.27322],
						[-75.94843, 36.28527],
						[-75.96663, 36.28956],
						[-75.97108, 36.30836],
						[-75.99965, 36.31117],
						[-76.00174, 36.32347],
						[-76.0205, 36.33294],
						[-76.01698, 36.34463],
						[-76.03167, 36.3386],
						[-76.0288, 36.34913],
						[-76.03641, 36.35517],
						[-76.0528, 36.3603],
						[-76.06423, 36.34731],
						[-76.07413, 36.34614],
						[-76.11436, 36.35758],
						[-76.12181, 36.37109],
						[-76.15747, 36.39818],
						[-76.15853, 36.42533],
						[-76.3133, 36.55055]
					]
				]
			}
		},
		{
			"type": "Feature",
			"properties": {
				"geoid": "37073",
				"name": "Gates",
				"namelsad": "Gates County",
				"served": false
			},
			"geometry": {
				"type": "Polygon",
				"coordinates": [
					[
						[-76.95045, 36.47102],
						[-76.93436, 36.47127],
						[-76.93452, 36.4847],
						[-76.92526, 36.48826],
						[-76.91936, 36.5054],
						[-76.90646, 36.51069],
						[-76.90506, 36.52257],
						[-76.92499, 36.53074],
						[-76.91411, 36.54219],
						[-76.9159, 36.55209],
						[-76.54154, 36.55031],
						[-76.49134, 36.51068],
						[-76.49141, 36.46865],
						[-76.45371, 36.37809],
						[-76.55688, 36.3552],
						[-76.57076, 36.33429],
						[-76.58621, 36.33347],
						[-76.5966, 36.32326],
						[-76.64001, 36.32941],
						[-76.65157, 36.31061],
						[-76.66997, 36.31521],
						[-76.67258, 36.30327],
						[-76.69657, 36.29614],
						[-76.77947, 36.36247],
						[-76.82269, 36.36445],
						[-76.83917, 36.3744],
						[-76.88224, 36.38286],
						[-76.93433, 36.40248],
						[-76.94706, 36.4154],
						[-76.95045, 36.47102]
					]
				]
			}
		},
		{
			"type": "Feature",
			"properties": {
				"geoid": "37083",
				"name": "Halifax",
				"namelsad": "Halifax County",
				"served": false
			},
			"geometry": {
				"type": "Polygon",
				"coordinates": [
					[
						[-78.00655, 36.20263],
						[-77.94241, 36.29853],
						[-77.91196, 36.38245],
						[-77.91206, 36.42477],
						[-77.9201, 36.43605],
						[-77.91179, 36.44281],
						[-77.90555, 36.49095],
						[-77.89101, 36.51186],
						[-77.86939, 36.5036],
						[-77.85829, 36.50665],
						[-77.80934, 36.49834],
						[-77.76791, 36.48004],
						[-77.74595, 36.47896],
						[-77.72649, 36.48749],
						[-77.68114, 36.47918],
						[-77.64437, 36.48023],
						[-77.62602, 36.4457],
						[-77.59195, 36.43139],
						[-77.5864, 36.42204],
						[-77.5505, 36.414],
						[-77.54445, 36.3939],
						[-77.54786, 36.372],
						[-77.57654, 36.35438],
						[-77.5856, 36.33734],
						[-77.57139, 36.31409],
						[-77.54111, 36.30326],
						[-77.4951, 36.30838],
						[-77.46632, 36.32196],
						[-77.44166, 36.32435],
						[-77.41442, 36.29347],
						[-77.40943, 36.26355],
						[-77.37693, 36.24505],
						[-77.38598, 36.21117],
						[-77.35097, 36.19153],
						[-77.32837, 36.19191],
						[-77.31939, 36.18179],
						[-77.30905, 36.18072],
						[-77.31336, 36.17386],
						[-77.30903, 36.16818],
						[-77.28827, 36.16932],
						[-77.27725, 36.15781],
						[-77.26337, 36.15894],
						[-77.26614, 36.141],
						[-77.25153, 36.13553],
						[-77.25462, 36.12281],
						[-77.2397, 36.12027],
						[-77.25147, 36.11505],
						[-77.23021, 36.10702],
						[-77.24207, 36.09734],
						[-77.27081, 36.09977],
						[-77.31323, 36.08917],
						[-77.40261, 36.00497],
						[-77.42454, 36.00395],
						[-77.44151, 36.01494],
						[-77.4393, 36.02121],
						[-77.47485, 36.03778],
						[-77.52666, 36.03757],
						[-77.52262, 36.04509],
						[-77.54014, 36.06083],
						[-77.52563, 36.06943],
						[-77.53572, 36.07802],
						[-77.53361, 36.09118],
						[-77.55292, 36.1],
						[-77.56013, 36.09446],
						[-77.62591, 36.11162],
						[-77.64398, 36.13813],
						[-77.67008, 36.13715],
						[-77.67853, 36.15437],
						[-77.71676, 36.14578],
						[-77.72133, 36.13379],
						[-77.73153, 36.13932],
						[-77.72925, 36.14869],
						[-77.75007, 36.15747],
						[-77.77401, 36.14255],
						[-77.79926, 36.14448],
						[-77.80394, 36.14974],
						[-77.80877, 36.13824],
						[-77.86186, 36.1491],
						[-77.88788, 36.14397],
						[-77.90074, 36.1627],
						[-77.92303, 36.1669],
						[-77.91778, 36.17961],
						[-77.92375, 36.18881],
						[-77.93182, 36.18256],
						[-77.94377, 36.19262],
						[-77.94429, 36.18228],
						[-77.95109, 36.18057],
						[-77.97334, 36.19418],
						[-77.96902, 36.18385],
						[-77.97766, 36.17526],
						[-77.98304, 36.18665],
						[-77.99158, 36.18506],
						[-77.99713, 36.19869],
						[-78.00655, 36.20263]
					]
				]
			}
		},
		{
			"type": "Feature",
			"properties": {
				"geoid": "37091",
				"name": "Hertford",
				"namelsad": "Hertford County",
				"served": false
			},
			"geometry": {
				"type": "Polygon",
				"coordinates": [
					[
						[-77.20861, 36.24684],
						[-77.13135, 36.43783],
						[-77.13679, 36.45615],
						[-77.11244, 36.47766],
						[-77.08381, 36.47232],
						[-77.06644, 36.48291],
						[-77.06645, 36.49697],
						[-77.08543, 36.49996],
						[-77.08343, 36.5132],
						[-77.10305, 36.52101],
						[-77.10352, 36.51662],
						[-77.11888, 36.52318],
						[-77.12719, 36.51813],
						[-77.14835, 36.52503],
						[-77.15097, 36.54053],
						[-77.16437, 36.54631],
						[-76.91403, 36.54319],
						[-76.92499, 36.53074],
						[-76.90506, 36.52257],
						[-76.90646, 36.51069],
						[-76.91936, 36.5054],
						[-76.92526, 36.48826],
						[-76.93452, 36.4847],
						[-76.93436, 36.47127],
						[-76.95045, 36.47102],
						[-76.9432, 36.40948],
						[-76.90789, 36.39073],
						[-76.83917, 36.3744],
						[-76.82269, 36.36445],
						[-76.77947, 36.36247],
						[-76.6975, 36.29784],
						[-76.6938, 36.28221],
						[-76.7014, 36.28367],
						[-76.69776, 36.27166],
						[-76.72223, 36.24381],
						[-76.9714, 36.23813],
						[-77.20861, 36.24684]
					]
				]
			}
		},
		{
			"type": "Feature",
			"properties": {
				"geoid": "37131",
				"name": "Northampton",
				"namelsad": "Northampton County",
				"served": false
			},
			"geometry": {
				"type": "Polygon",
				"coordinates": [
					[
						[-77.89977, 36.54466],
						[-77.16966, 36.54731],
						[-77.15097, 36.54053],
						[-77.14835, 36.52503],
						[-77.12719, 36.51813],
						[-77.11888, 36.52318],
						[-77.10352, 36.51662],
						[-77.10305, 36.52101],
						[-77.08343, 36.5132],
						[-77.08543, 36.49996],
						[-77.06645, 36.49697],
						[-77.06644, 36.48291],
						[-77.08381, 36.47232],
						[-77.11244, 36.47766],
						[-77.13679, 36.45615],
						[-77.13135, 36.43783],
						[-77.20847, 36.24658],
						[-77.22896, 36.2144],
						[-77.25492, 36.21847],
						[-77.29825, 36.20771],
						[-77.2933, 36.19739],
						[-77.29972, 36.18141],
						[-77.29152, 36.16834],
						[-77.2996, 36.16491],
						[-77.31306, 36.17221],
						[-77.30905, 36.18072],
						[-77.31939, 36.18179],
						[-77.32837, 36.19191],
						[-77.35097, 36.19153],
						[-77.38598, 36.21117],
						[-77.37693, 36.24505],
						[-77.40943, 36.26355],
						[-77.41442, 36.29347],
						[-77.44166, 36.32435],
						[-77.46632, 36.32196],
						[-77.4951, 36.30838],
						[-77.54111, 36.30326],
						[-77.57139, 36.31409],
						[-77.5856, 36.33734],
						[-77.57654, 36.35438],
						[-77.54786, 36.372],
						[-77.54445, 36.3939],
						[-77.5505, 36.414],
						[-77.5864, 36.42204],
						[-77.59195, 36.43139],
						[-77.62602, 36.4457],
						[-77.64437, 36.48023],
						[-77.68114, 36.47918],
						[-77.72649, 36.48749],
						[-77.74595, 36.47896],
						[-77.76791, 36.48004],
						[-77.81895, 36.50068],
						[-77.86939, 36.5036],
						[-77.89279, 36.51197],
						[-77.89952, 36.50426],
						[-77.89977, 36.54466]
					]
				]
			}
		},
		{
			"type": "Feature",
			"properties": {
				"geoid": "37139",
				"name": "Pasquotank",
				"namelsad": "Pasquotank County",
				"served": false
			},
			"geometry": {
				"type": "Polygon",
				"coordinates": [
					[
						[-76.49134, 36.51068],
						[-76.43729, 36.46785],
						[-76.37681, 36.44594],
						[-76.36324, 36.42906],
						[-76.34761, 36.42818],
						[-76.34557, 36.4214],
						[-76.3226, 36.42761],
						[-76.3231, 36.41732],
						[-76.29154, 36.38663],
						[-76.25889, 36.38427],
						[-76.25674, 36.36334],
						[-76.23133, 36.37208],
						[-76.22704, 36.34774],
						[-76.21418, 36.3416],
						[-76.21598, 36.32767],
						[-76.19221, 36.32814],
						[-76.1812, 36.32104],
						[-76.1876, 36.31456],
						[-76.19922, 36.31753],
						[-76.20065, 36.30605],
						[-76.21379, 36.30405],
						[-76.21788, 36.29662],
						[-76.20258, 36.28622],
						[-76.19041, 36.28603],
						[-76.17391, 36.26359],
						[-76.14428, 36.25889],
						[-76.11719, 36.21351],
						[-76.08011, 36.19944],
						[-76.05927, 36.14928],
						[-76.09256, 36.13579],
						[-76.18754, 36.12544],
						[-76.20687, 36.13752],
						[-76.23175, 36.16786],
						[-76.24788, 36.17515],
						[-76.2491, 36.18493],
						[-76.27351, 36.19079],
						[-76.29067, 36.2235],
						[-76.30332, 36.22171],
						[-76.31773, 36.24041],
						[-76.34061, 36.24142],
						[-76.34745, 36.24979],
						[-76.37488, 36.25865],
						[-76.37561, 36.27358],
						[-76.39177, 36.28731],
						[-76.4475, 36.36355],
						[-76.49141, 36.46865],
						[-76.49134, 36.51068]
					]
				]
			}
		},
		{
			"type": "Feature",
			"properties": {
				"geoid": "37143",
				"name": "Perquimans",
				"namelsad": "Perquimans County",
				"served": false
			},
			"geometry": {
				"type": "Polygon",
				"coordinates": [
					[
						[-76.58816, 36.24179],
						[-76.58708, 36.24892],
						[-76.57261, 36.25807],
						[-76.56563, 36.29299],
						[-76.56789, 36.31455],
						[-76.55688, 36.3552],
						[-76.45371, 36.37809],
						[-76.39177, 36.28731],
						[-76.37561, 36.27358],
						[-76.37488, 36.25865],
						[-76.34745, 36.24979],
						[-76.34061, 36.24142],
						[-76.31773, 36.24041],
						[-76.30332, 36.22171],
						[-76.29067, 36.2235],
						[-76.27279, 36.19408],
						[-76.27715, 36.18071],
						[-76.24601, 36.15865],
						[-76.22747, 36.12525],
						[-76.19172, 36.1072],
						[-76.21369, 36.09606],
						[-76.23871, 36.09857],
						[-76.32326, 36.13485],
						[-76.37357, 36.13821],
						[-76.39028, 36.16249],
						[-76.43806, 36.19184],
						[-76.44994, 36.19337],
						[-76.45802, 36.18532],
						[-76.38196, 36.12295],
						[-76.37174, 36.11776],
						[-76.34642, 36.12102],
						[-76.33966, 36.10912],
						[-76.30258, 36.10029],
						[-76.30401, 36.09453],
						[-76.32348, 36.08488],
						[-76.34703, 36.08877],
						[-76.43026, 36.07505],
						[-76.44559, 36.0759],
						[-76.47879, 36.09355],
						[-76.49442, 36.08457],
						[-76.51753, 36.0974],
						[-76.53906, 36.09457],
						[-76.55978, 36.1011],
						[-76.57307, 36.11176],
						[-76.58816, 36.24179]
					]
				]
			}
		},
		{
			"type": "Feature",
			"properties": {
				"geoid": "51001",
				"name": "Accomack",
				"namelsad": "Accomack County",
				"served": false
			},
			"geometry": {
				"type": "Polygon",
				"coordinates": [
					[
						[-75.74241, 37.80835],
						[-75.73313, 37.80284],
						[-75.7405, 37.80124],
						[-75.74241, 37.80835]
					],
					[
						[-75.8667, 37.68321],
						[-75.86053, 37.69308],
						[-75.85494, 37.68885],
						[-75.85958, 37.68217],
						[-75.8667, 37.68321]
					],
					[
						[-75.94118, 37.56384],
						[-75.932, 37.57956],
						[-75.91757, 37.58585],
						[-75.92541, 37.5963],
						[-75.90545, 37.62615],
						[-75.89285, 37.6044],
						[-75.87728, 37.61165],
						[-75.88453, 37.63198],
						[-75.89239, 37.63748],
						[-75.8905, 37.64955],
						[-75.87039, 37.65042],
						[-75.87706, 37.66064],
						[-75.86848, 37.66822],
						[-75.85304, 37.66487],
						[-75.84591, 37.66976],
						[-75.85328, 37.68255],
						[-75.84389, 37.68895],
						[-75.84971, 37.69318],
						[-75.84543, 37.69891],
						[-75.8364, 37.70305],
						[-75.83768, 37.71299],
						[-75.81192, 37.72261],
						[-75.80622, 37.71791],
						[-75.79505, 37.72674],
						[-75.80075, 37.73304],
						[-75.83198, 37.72812],
						[-75.81216, 37.7495],
						[-75.79267, 37.75061],
						[-75.78732, 37.75709],
						[-75.79029, 37.76517],
						[-75.80304, 37.76246],
						[-75.7992, 37.77119],
						[-75.80431, 37.78143],
						[-75.8118, 37.7787],
						[-75.8164, 37.78934],
						[-75.81231, 37.79471],
						[-75.7846, 37.80683],
						[-75.77061, 37.8046],
						[-75.75238, 37.78866],
						[-75.73337, 37.78593],
						[-75.72588, 37.79636],
						[-75.71887, 37.79326],
						[-75.72322, 37.82012],
						[-75.71613, 37.81993],
						[-75.71705, 37.82773],
						[-75.70532, 37.82894],
						[-75.71293, 37.83673],
						[-75.70639, 37.84095],
						[-75.70938, 37.84584],
						[-75.69736, 37.84883],
						[-75.69261, 37.83785],
						[-75.67822, 37.83748],
						[-75.68131, 37.84405],
						[-75.67228, 37.8509],
						[-75.68928, 37.85953],
						[-75.6929, 37.86779],
						[-75.68013, 37.87529],
						[-75.67894, 37.88833],
						[-75.69819, 37.89189],
						[-75.68845, 37.89902],
						[-75.75725, 37.89921],
						[-75.73622, 37.90221],
						[-75.74347, 37.91206],
						[-75.71934, 37.93446],
						[-75.71223, 37.93814],
						[-75.70033, 37.92902],
						[-75.6787, 37.94271],
						[-75.64305, 37.93633],
						[-75.63687, 37.95564],
						[-75.64823, 37.96677],
						[-75.63822, 37.9794],
						[-75.62953, 37.97597],
						[-75.63383, 37.98452],
						[-75.62445, 37.99419],
						[-75.24247, 38.02703],
						[-75.29828, 37.95676],
						[-75.35864, 37.865],
						[-75.38479, 37.85147],
						[-75.39457, 37.87218],
						[-75.38411, 37.87569],
						[-75.36249, 37.86715],
						[-75.34992, 37.87832],
						[-75.34616, 37.89135],
						[-75.40644, 37.89944],
						[-75.48927, 37.83246],
						[-75.52088, 37.79669],
						[-75.56295, 37.73647],
						[-75.5805, 37.69669],
						[-75.58935, 37.6912],
						[-75.59932, 37.63688],
						[-75.61453, 37.6093],
						[-75.61286, 37.57728],
						[-75.603, 37.57719],
						[-75.60015, 37.57135],
						[-75.66242, 37.49067],
						[-75.67288, 37.4837],
						[-75.68484, 37.48735],
						[-75.69106, 37.4736],
						[-75.68069, 37.45644],
						[-75.70908, 37.44856],
						[-75.73092, 37.46048],
						[-75.76391, 37.46331],
						[-75.77656, 37.45459],
						[-75.78703, 37.46458],
						[-75.80545, 37.46328],
						[-75.81261, 37.47542],
						[-75.79352, 37.48884],
						[-75.79166, 37.50381],
						[-75.8033, 37.50526],
						[-75.80543, 37.51392],
						[-75.78808, 37.52886],
						[-75.83847, 37.55542],
						[-75.88312, 37.54932],
						[-75.90041, 37.55727],
						[-75.93391, 37.55228],
						[-75.94118, 37.56384]
					],
					[
						[-75.99926, 37.8297],
						[-75.99686, 37.85042],
						[-75.97354, 37.83354],
						[-75.99351, 37.81401],
						[-75.98828, 37.80744],
						[-75.99905, 37.8186],
						[-75.99926, 37.8297]
					],
					[
						[-76.04653, 37.95359],
						[-75.9939, 37.95349],
						[-75.99769, 37.94569],
						[-76.00349, 37.95039],
						[-76.0168, 37.94646],
						[-76.02072, 37.94036],
						[-76.01641, 37.92866],
						[-76.02843, 37.9205],
						[-76.02892, 37.95105],
						[-76.04283, 37.94702],
						[-76.04653, 37.95359]
					]
				]
			}
		},
		{
			"type": "Feature",
			"properties": {
				"geoid": "51007",
				"name": "Amelia",
				"namelsad": "Amelia County",
				"served": false
			},
			"geometry": {
				"type": "Polygon",
				"coordinates": [
					[
						[-78.23987, 37.3773],
						[-78.22034, 37.38818],
						[-78.20625, 37.40709],
						[-78.20173, 37.42633],
						[-78.18896, 37.42534],
						[-78.185, 37.44455],
						[-78.17141, 37.44254],
						[-78.13877, 37.45967],
						[-78.12429, 37.4454],
						[-78.10573, 37.44928],
						[-78.09875, 37.44058],
						[-78.09242, 37.45566],
						[-78.06613, 37.45199],
						[-78.04932, 37.47226],
						[-78.0172, 37.47149],
						[-78.01519, 37.49147],
						[-77.99957, 37.49805],
						[-77.98666, 37.48645],
						[-77.93743, 37.47542],
						[-77.92493, 37.48219],
						[-77.91456, 37.47481],
						[-77.89821, 37.47475],
						[-77.89401, 37.44936],
						[-77.86661, 37.45675],
						[-77.86857, 37.447],
						[-77.85607, 37.43174],
						[-77.85515, 37.41836],
						[-77.87509, 37.41714],
						[-77.86739, 37.39382],
						[-77.87823, 37.38351],
						[-77.8766, 37.36429],
						[-77.86095, 37.3622],
						[-77.85284, 37.35665],
						[-77.85054, 37.3451],
						[-77.83735, 37.33838],
						[-77.79651, 37.33269],
						[-77.79625, 37.32397],
						[-77.80901, 37.31536],
						[-77.80675, 37.30453],
						[-77.77259, 37.28761],
						[-77.76355, 37.27074],
						[-77.73979, 37.26866],
						[-77.73552, 37.28419],
						[-77.72001, 37.28332],
						[-77.71621, 37.29688],
						[-77.7088, 37.30008],
						[-77.69256, 37.28145],
						[-77.68241, 37.29175],
						[-77.66747, 37.29247],
						[-77.64894, 37.25538],
						[-77.65597, 37.25371],
						[-77.66133, 37.24074],
						[-77.68681, 37.23507],
						[-77.68871, 37.22822],
						[-77.68068, 37.2289],
						[-77.68661, 37.2229],
						[-77.7184, 37.21563],
						[-77.74769, 37.19273],
						[-77.78453, 37.19703],
						[-77.79593, 37.19259],
						[-78.23123, 37.29622],
						[-78.23367, 37.36964],
						[-78.23987, 37.3773]
					]
				]
			}
		},
		{
			"type": "Feature",
			"properties": {
				"geoid": "51025",
				"name": "Brunswick",
				"namelsad": "Brunswick County",
				"served": false
			},
			"geometry": {
				"type": "Polygon",
				"coordinates": [
					[
						[-78.04548, 36.55237],
						[-78.00364, 37.02276],
						[-77.99611, 37.02252],
						[-77.99597, 37.01416],
						[-77.96811, 36.98729],
						[-77.95388, 36.99117],
						[-77.92054, 36.98273],
						[-77.88258, 36.99167],
						[-77.8507, 36.98811],
						[-77.84087, 36.99593],
						[-77.76554, 36.97465],
						[-77.75526, 36.95609],
						[-77.74561, 36.95895],
						[-77.74637, 36.95309],
						[-77.72781, 36.94338],
						[-77.71471, 36.92535],
						[-77.71519, 36.9148],
						[-77.70089, 36.91643],
						[-77.69462, 36.90659],
						[-77.65804, 36.89451],
						[-77.65584, 36.71354],
						[-77.76712, 36.54541],
						[-78.04621, 36.54417],
						[-78.04548, 36.55237]
					]
				]
			}
		},
		{
			"type": "Feature",
			"properties": {
				"geoid": "51033",
				"name": "Caroline",
				"namelsad": "Caroline County",
				"served": false
			},
			"geometry": {
				"type": "Polygon",
				"coordinates": [
					[
						[-77.6436, 37.98183],
						[-77.64252, 37.99069],
						[-77.3703, 38.24658],
						[-77.3604, 38.24242],
						[-77.34062, 38.25262],
						[-77.30942, 38.23474],
						[-77.2935, 38.24233],
						[-77.2914, 38.22373],
						[-77.277, 38.22723],
						[-77.2743, 38.24843],
						[-77.2527, 38.25113],
						[-77.22414, 38.24023],
						[-77.2518, 38.22963],
						[-77.2418, 38.21283],
						[-77.2537, 38.18913],
						[-77.2319, 38.18663],
						[-77.2318, 38.19803],
						[-77.2198, 38.19963],
						[-77.1723, 38.16613],
						[-77.1453, 38.16873],
						[-77.116, 38.14993],
						[-77.11439, 38.1335],
						[-77.10563, 38.13291],
						[-77.1052, 38.12761],
						[-77.11729, 38.1208],
						[-77.14243, 38.12303],
						[-77.14379, 38.09551],
						[-77.1701, 38.07954],
						[-77.15954, 38.06422],
						[-77.1449, 38.05739],
						[-77.14923, 38.0491],
						[-77.13148, 38.04632],
						[-77.12179, 38.03363],
						[-77.12943, 38.01609],
						[-77.08897, 38.01364],
						[-77.07662, 38.00077],
						[-77.06872, 37.97153],
						[-77.07012, 37.96477],
						[-77.14422, 37.97217],
						[-77.16701, 37.96413],
						[-77.18396, 37.94143],
						[-77.17879, 37.92896],
						[-77.18641, 37.91125],
						[-77.17484, 37.90324],
						[-77.18696, 37.90104],
						[-77.17971, 37.89745],
						[-77.18142, 37.89165],
						[-77.20545, 37.89189],
						[-77.20883, 37.88571],
						[-77.21632, 37.89132],
						[-77.21162, 37.90122],
						[-77.22652, 37.89866],
						[-77.23079, 37.90733],
						[-77.24168, 37.90955],
						[-77.25027, 37.87243],
						[-77.34522, 37.78928],
						[-77.36226, 37.79765],
						[-77.36304, 37.78859],
						[-77.36991, 37.78865],
						[-77.37837, 37.77631],
						[-77.40475, 37.77991],
						[-77.40369, 37.78592],
						[-77.39085, 37.78675],
						[-77.39835, 37.7908],
						[-77.39524, 37.80244],
						[-77.42235, 37.80878],
						[-77.42031, 37.81586],
						[-77.40964, 37.81973],
						[-77.42827, 37.82957],
						[-77.42817, 37.85646],
						[-77.41871, 37.86055],
						[-77.44515, 37.8947],
						[-77.48417, 37.88337],
						[-77.49364, 37.89755],
						[-77.51889, 37.90682],
						[-77.52913, 37.92082],
						[-77.54604, 37.91589],
						[-77.55481, 37.92072],
						[-77.55675, 37.92455],
						[-77.54647, 37.92856],
						[-77.56212, 37.93638],
						[-77.57047, 37.95492],
						[-77.57673, 37.95807],
						[-77.58989, 37.94927],
						[-77.60486, 37.95534],
						[-77.61618, 37.94902],
						[-77.61408, 37.95931],
						[-77.62098, 37.96657],
						[-77.63262, 37.96525],
						[-77.63134, 37.9722],
						[-77.6436, 37.98183]
					]
				]
			}
		},
		{
			"type": "Feature",
			"properties": {
				"geoid": "51036",
				"name": "Charles City",
				"namelsad": "Charles City County",
				"served": true
			},
			"geometry": {
				"type": "Polygon",
				"coordinates": [
					[
						[-77.27157, 37.32656],
						[-77.26459, 37.34405],
						[-77.24779, 37.3609],
						[-77.24417, 37.36927],
						[-77.24615, 37.37793],
						[-77.24966, 37.382],
						[-77.24869, 37.38428],
						[-77.2504, 37.38665],
						[-77.25395, 37.38761],
						[-77.25128, 37.38872],
						[-77.24875, 37.39473],
						[-77.24501, 37.39298],
						[-77.24635, 37.39318],
						[-77.24684, 37.39142],
						[-77.2383, 37.38747],
						[-77.23461, 37.38156],
						[-77.23221, 37.38345],
						[-77.23228, 37.38209],
						[-77.22952, 37.38293],
						[-77.22631, 37.37997],
						[-77.22427, 37.38022],
						[-77.22341, 37.38232],
						[-77.21507, 37.38593],
						[-77.21779, 37.38633],
						[-77.21459, 37.39352],
						[-77.2204, 37.39621],
						[-77.22054, 37.40061],
						[-77.22597, 37.40537],
						[-77.22171, 37.40877],
						[-77.17732, 37.4906],
						[-77.17678, 37.48869],
						[-77.17126, 37.48724],
						[-77.17038, 37.48142],
						[-77.16881, 37.4809],
						[-77.16348, 37.48552],
						[-77.1576, 37.48584],
						[-77.16164, 37.47652],
						[-77.1608, 37.4753],
						[-77.15786, 37.47453],
						[-77.15032, 37.47729],
						[-77.14739, 37.47574],
						[-77.14198, 37.47635],
						[-77.14108, 37.47341],
						[-77.1433, 37.47053],
						[-77.14175, 37.46838],
						[-77.12687, 37.47158],
						[-77.12274, 37.46314],
						[-77.1185, 37.46156],
						[-77.11762, 37.45822],
						[-77.11907, 37.45582],
						[-77.11531, 37.45276],
						[-77.10964, 37.45283],
						[-77.10548, 37.44853],
						[-77.10065, 37.44709],
						[-77.10128, 37.4448],
						[-77.09595, 37.44027],
						[-77.0864, 37.44139],
						[-77.08639, 37.43989],
						[-77.07855, 37.44008],
						[-77.07629, 37.44129],
						[-77.07014, 37.43993],
						[-77.06649, 37.43662],
						[-77.06169, 37.43646],
						[-77.05968, 37.43489],
						[-77.06154, 37.43296],
						[-77.05952, 37.4308],
						[-77.06004, 37.42929],
						[-77.0508, 37.43216],
						[-77.04691, 37.43179],
						[-77.04477, 37.42946],
						[-77.03838, 37.42918],
						[-77.036, 37.42688],
						[-77.03123, 37.42943],
						[-77.02911, 37.42728],
						[-77.02911, 37.42933],
						[-77.02757, 37.42805],
						[-77.02668, 37.42901],
						[-77.02407, 37.4209],
						[-77.02202, 37.42134],
						[-77.02472, 37.42016],
						[-77.0236, 37.41782],
						[-77.01611, 37.41401],
						[-77.01117, 37.41741],
						[-77.0113, 37.41608],
						[-77.00765, 37.41375],
						[-76.99826, 37.4182],
						[-76.98891, 37.41496],
						[-76.98364, 37.41811],
						[-76.982, 37.42086],
						[-76.96962, 37.41674],
						[-76.97273, 37.41021],
						[-76.96882, 37.40651],
						[-76.954, 37.40349],
						[-76.94308, 37.41039],
						[-76.94083, 37.40988],
						[-76.93847, 37.40735],
						[-76.93703, 37.40117],
						[-76.94533, 37.39411],
						[-76.94485, 37.38394],
						[-76.94099, 37.38373],
						[-76.93329, 37.38799],
						[-76.93118, 37.39631],
						[-76.92761, 37.39957],
						[-76.91674, 37.39538],
						[-76.91101, 37.39952],
						[-76.90806, 37.40508],
						[-76.90492, 37.40491],
						[-76.90637, 37.39261],
						[-76.90822, 37.39086],
						[-76.91732, 37.3892],
						[-76.91885, 37.38552],
						[-76.8981, 37.37515],
						[-76.89779, 37.3738],
						[-76.91044, 37.36409],
						[-76.91586, 37.35262],
						[-76.9133, 37.34999],
						[-76.90798, 37.34902],
						[-76.89952, 37.35903],
						[-76.89116, 37.3621],
						[-76.88477, 37.36857],
						[-76.8771, 37.36919],
						[-76.87351, 37.36342],
						[-76.8806, 37.35024],
						[-76.88014, 37.34868],
						[-76.87468, 37.34601],
						[-76.87363, 37.34256],
						[-76.87662, 37.33322],
						[-76.87468, 37.32043],
						[-76.88, 37.30987],
						[-76.87693, 37.30271],
						[-76.87199, 37.2984],
						[-76.87168, 37.2956],
						[-76.88083, 37.28726],
						[-76.88308, 37.27592],
						[-76.88205, 37.27168],
						[-76.87519, 37.2608],
						[-76.88172, 37.25745],
						[-76.88599, 37.25282],
						[-76.89003, 37.2531],
						[-76.8974, 37.25055],
						[-76.89769, 37.24552],
						[-76.90037, 37.24374],
						[-76.90477, 37.24241],
						[-76.91416, 37.24364],
						[-76.91654, 37.24232],
						[-76.91856, 37.2373],
						[-76.91784, 37.23427],
						[-76.93317, 37.23882],
						[-76.94042, 37.23768],
						[-76.94392, 37.23469],
						[-76.96563, 37.24404],
						[-76.97424, 37.25015],
						[-76.99136, 37.27801],
						[-76.99273, 37.28579],
						[-76.99022, 37.29489],
						[-76.996, 37.30098],
						[-77.00186, 37.30357],
						[-77.0101, 37.30525],
						[-77.03275, 37.29447],
						[-77.06943, 37.26974],
						[-77.07955, 37.27428],
						[-77.08616, 37.3109],
						[-77.08825, 37.31307],
						[-77.09665, 37.31218],
						[-77.12511, 37.30292],
						[-77.18755, 37.31146],
						[-77.22401, 37.3194],
						[-77.2303, 37.31684],
						[-77.23715, 37.31152],
						[-77.24972, 37.30867],
						[-77.25787, 37.31131],
						[-77.2679, 37.31794],
						[-77.27067, 37.32076],
						[-77.27157, 37.32656]
					]
				]
			}
		},
		{
			"type": "Feature",
			"properties": {
				"geoid": "51041",
				"name": "Chesterfield",
				"namelsad": "Chesterfield County",
				"served": false
			},
			"geometry": {
				"type": "Polygon",
				"coordinates": [
					[
						[-77.87823, 37.38351],
						[-77.86739, 37.39382],
						[-77.87509, 37.41714],
						[-77.84673, 37.41512],
						[-77.80919, 37.42611],
						[-77.7978, 37.45889],
						[-77.6554, 37.56399],
						[-77.59546, 37.55575],
						[-77.59585, 37.54586],
						[-77.60117, 37.54516],
						[-77.59245, 37.53295],
						[-77.56638, 37.53531],
						[-77.55452, 37.54303],
						[-77.54504, 37.5281],
						[-77.52865, 37.53186],
						[-77.52749, 37.50939],
						[-77.51225, 37.47248],
						[-77.4891, 37.45564],
						[-77.45938, 37.46433],
						[-77.42074, 37.44752],
						[-77.42687, 37.42615],
						[-77.41412, 37.41973],
						[-77.39908, 37.42127],
						[-77.39854, 37.40538],
						[-77.38459, 37.39753],
						[-77.3838, 37.38439],
						[-77.37574, 37.3817],
						[-77.36917, 37.39206],
						[-77.35771, 37.38353],
						[-77.36035, 37.37488],
						[-77.32507, 37.37792],
						[-77.31559, 37.38284],
						[-77.30421, 37.40594],
						[-77.29732, 37.3967],
						[-77.31153, 37.37328],
						[-77.30549, 37.358],
						[-77.27263, 37.35326],
						[-77.26589, 37.37604],
						[-77.24966, 37.382],
						[-77.24417, 37.36927],
						[-77.26711, 37.34005],
						[-77.27067, 37.32076],
						[-77.28195, 37.31901],
						[-77.28253, 37.31375],
						[-77.31872, 37.30833],
						[-77.33967, 37.31509],
						[-77.35252, 37.31016],
						[-77.35658, 37.28312],
						[-77.37373, 37.26695],
						[-77.37678, 37.24485],
						[-77.38386, 37.23891],
						[-77.40367, 37.23735],
						[-77.38029, 37.24554],
						[-77.37773, 37.27097],
						[-77.36232, 37.28216],
						[-77.3682, 37.29855],
						[-77.37911, 37.28406],
						[-77.38938, 37.28737],
						[-77.40189, 37.28203],
						[-77.39965, 37.2719],
						[-77.41232, 37.28303],
						[-77.4265, 37.28305],
						[-77.42311, 37.27446],
						[-77.4317, 37.27454],
						[-77.41441, 37.26095],
						[-77.41744, 37.23265],
						[-77.44228, 37.22343],
						[-77.49313, 37.22482],
						[-77.52256, 37.21714],
						[-77.53611, 37.22633],
						[-77.55964, 37.22501],
						[-77.5682, 37.23934],
						[-77.57891, 37.23793],
						[-77.61335, 37.27088],
						[-77.6522, 37.26582],
						[-77.66747, 37.29247],
						[-77.68241, 37.29175],
						[-77.69256, 37.28145],
						[-77.70345, 37.29821],
						[-77.71169, 37.29983],
						[-77.71744, 37.28486],
						[-77.73552, 37.28419],
						[-77.73979, 37.26866],
						[-77.76355, 37.27074],
						[-77.77259, 37.28761],
						[-77.80675, 37.30453],
						[-77.80901, 37.31536],
						[-77.79625, 37.32397],
						[-77.79651, 37.33269],
						[-77.85054, 37.3451],
						[-77.85284, 37.35665],
						[-77.8766, 37.36429],
						[-77.87823, 37.38351]
					]
				]
			}
		},
		{
			"type": "Feature",
			"properties": {
				"geoid": "51053",
				"name": "Dinwiddie",
				"namelsad": "Dinwiddie County",
				"served": false
			},
			"geometry": {
				"type": "Polygon",
				"coordinates": [
					[
						[-77.90034, 37.14388],
						[-77.87589, 37.14793],
						[-77.84172, 37.16984],
						[-77.81386, 37.16968],
						[-77.79291, 37.19583],
						[-77.74769, 37.19273],
						[-77.7184, 37.21563],
						[-77.68661, 37.2229],
						[-77.68068, 37.2289],
						[-77.68871, 37.22822],
						[-77.68681, 37.23507],
						[-77.66133, 37.24074],
						[-77.65597, 37.25371],
						[-77.64894, 37.25538],
						[-77.65061, 37.26511],
						[-77.63261, 37.26966],
						[-77.60771, 37.26779],
						[-77.60051, 37.25374],
						[-77.57891, 37.23793],
						[-77.5682, 37.23934],
						[-77.55964, 37.22501],
						[-77.53611, 37.22633],
						[-77.52256, 37.21714],
						[-77.49313, 37.22482],
						[-77.44741, 37.22307],
						[-77.44146, 37.21185],
						[-77.45459, 37.18747],
						[-77.42807, 37.18502],
						[-77.42198, 37.17947],
						[-77.42347, 37.1651],
						[-77.39927, 37.17169],
						[-77.39464, 37.03573],
						[-77.3985, 36.99298],
						[-77.61903, 36.87784],
						[-77.63676, 36.88674],
						[-77.63218, 36.87766],
						[-77.63917, 36.87375],
						[-77.64804, 36.88151],
						[-77.64972, 36.89814],
						[-77.66391, 36.89467],
						[-77.67653, 36.9044],
						[-77.69462, 36.90659],
						[-77.70089, 36.91643],
						[-77.71519, 36.9148],
						[-77.71471, 36.92535],
						[-77.72781, 36.94338],
						[-77.74637, 36.95309],
						[-77.74561, 36.95895],
						[-77.75526, 36.95609],
						[-77.76554, 36.97465],
						[-77.84087, 36.99593],
						[-77.8507, 36.98811],
						[-77.88981, 36.98882],
						[-77.90034, 37.14388]
					]
				]
			}
		},
		{
			"type": "Feature",
			"properties": {
				"geoid": "51057",
				"name": "Essex",
				"namelsad": "Essex County",
				"served": false
			},
			"geometry": {
				"type": "Polygon",
				"coordinates": [
					[
						[-77.1701, 38.07954],
						[-77.14379, 38.09551],
						[-77.14243, 38.12303],
						[-77.11729, 38.1208],
						[-77.1052, 38.12761],
						[-77.10563, 38.13291],
						[-77.11439, 38.1335],
						[-77.116, 38.14993],
						[-77.0872, 38.16113],
						[-77.0826, 38.14683],
						[-77.0738, 38.14133],
						[-77.0669, 38.14763],
						[-77.0693, 38.15773],
						[-77.0617, 38.16163],
						[-77.05219, 38.14433],
						[-77.05172, 38.11201],
						[-77.03419, 38.10083],
						[-77.03239, 38.09173],
						[-77.01469, 38.09353],
						[-77.00269, 38.11013],
						[-76.99532, 38.10955],
						[-76.98899, 38.10606],
						[-76.99061, 38.09428],
						[-76.98402, 38.08749],
						[-76.92817, 38.07374],
						[-76.9172, 38.02961],
						[-76.93059, 38.02427],
						[-76.9179, 38.00276],
						[-76.92742, 37.98179],
						[-76.91601, 37.97364],
						[-76.87739, 37.97046],
						[-76.88963, 37.95284],
						[-76.85992, 37.93532],
						[-76.84744, 37.91648],
						[-76.82641, 37.91413],
						[-76.82201, 37.9025],
						[-76.79456, 37.89519],
						[-76.78283, 37.86318],
						[-76.77097, 37.85479],
						[-76.76396, 37.83533],
						[-76.73431, 37.79866],
						[-76.72188, 37.78738],
						[-76.6805, 37.78014],
						[-76.68291, 37.77046],
						[-76.70307, 37.75571],
						[-76.7128, 37.76038],
						[-76.72309, 37.7567],
						[-76.75107, 37.72861],
						[-76.76086, 37.75104],
						[-76.7895, 37.7712],
						[-76.79099, 37.78673],
						[-76.80218, 37.79465],
						[-76.84263, 37.79804],
						[-76.87767, 37.7821],
						[-76.88855, 37.79064],
						[-76.915, 37.7956],
						[-76.94322, 37.78296],
						[-76.94521, 37.82817],
						[-76.96988, 37.82859],
						[-76.98277, 37.83945],
						[-77.00652, 37.83722],
						[-77.019, 37.84488],
						[-77.0202, 37.86105],
						[-77.0412, 37.86903],
						[-77.03963, 37.87671],
						[-77.02292, 37.87959],
						[-77.02025, 37.88528],
						[-77.03174, 37.89123],
						[-77.02405, 37.90494],
						[-77.03402, 37.92545],
						[-77.05523, 37.93088],
						[-77.05972, 37.9431],
						[-77.07283, 37.9464],
						[-77.06428, 37.95841],
						[-77.07662, 38.00077],
						[-77.08897, 38.01364],
						[-77.12943, 38.01609],
						[-77.12179, 38.03363],
						[-77.13148, 38.04632],
						[-77.14923, 38.0491],
						[-77.1449, 38.05739],
						[-77.15954, 38.06422],
						[-77.1701, 38.07954]
					]
				]
			}
		},
		{
			"type": "Feature",
			"properties": {
				"geoid": "51073",
				"name": "Gloucester",
				"namelsad": "Gloucester County",
				"served": true
			},
			"geometry": {
				"type": "Polygon",
				"coordinates": [
					[
						[-76.7063, 37.43718],
						[-76.70333, 37.44463],
						[-76.70472, 37.44803],
						[-76.70214, 37.45052],
						[-76.69907, 37.45097],
						[-76.69123, 37.44758],
						[-76.68701, 37.44788],
						[-76.68528, 37.45338],
						[-76.67399, 37.46132],
						[-76.67045, 37.45978],
						[-76.66924, 37.45616],
						[-76.66742, 37.45553],
						[-76.66215, 37.4578],
						[-76.66207, 37.46248],
						[-76.6551, 37.4687],
						[-76.65403, 37.47152],
						[-76.65552, 37.47381],
						[-76.65248, 37.47236],
						[-76.65127, 37.47312],
						[-76.65189, 37.4766],
						[-76.64914, 37.47684],
						[-76.65152, 37.48074],
						[-76.65019, 37.48158],
						[-76.65006, 37.48],
						[-76.64797, 37.48001],
						[-76.64679, 37.48115],
						[-76.64564, 37.48634],
						[-76.64858, 37.48703],
						[-76.64673, 37.48865],
						[-76.64892, 37.49424],
						[-76.64801, 37.49589],
						[-76.65152, 37.49794],
						[-76.65726, 37.50851],
						[-76.66747, 37.5201],
						[-76.66932, 37.52851],
						[-76.66649, 37.53326],
						[-76.66762, 37.53512],
						[-76.66147, 37.55796],
						[-76.66323, 37.56566],
						[-76.65408, 37.60317],
						[-76.64279, 37.59709],
						[-76.63697, 37.59084],
						[-76.63094, 37.59027],
						[-76.62825, 37.59148],
						[-76.62435, 37.58968],
						[-76.6232, 37.58602],
						[-76.61737, 37.59034],
						[-76.61174, 37.59029],
						[-76.61498, 37.58398],
						[-76.61248, 37.5819],
						[-76.60601, 37.58326],
						[-76.60152, 37.58815],
						[-76.59577, 37.58808],
						[-76.59514, 37.58643],
						[-76.59198, 37.58552],
						[-76.59099, 37.58299],
						[-76.58961, 37.58341],
						[-76.58889, 37.5798],
						[-76.58262, 37.57851],
						[-76.58092, 37.57567],
						[-76.57493, 37.57379],
						[-76.5762, 37.57164],
						[-76.57435, 37.57023],
						[-76.57599, 37.56975],
						[-76.57353, 37.56295],
						[-76.57008, 37.56144],
						[-76.55907, 37.56135],
						[-76.55663, 37.55966],
						[-76.55778, 37.55654],
						[-76.55593, 37.55505],
						[-76.55336, 37.55536],
						[-76.55309, 37.55982],
						[-76.5507, 37.56123],
						[-76.55208, 37.56637],
						[-76.54794, 37.56788],
						[-76.54302, 37.56427],
						[-76.54277, 37.55948],
						[-76.53185, 37.55768],
						[-76.52731, 37.55432],
						[-76.52614, 37.55054],
						[-76.52365, 37.54858],
						[-76.50727, 37.54751],
						[-76.49916, 37.53687],
						[-76.48122, 37.53622],
						[-76.47269, 37.53069],
						[-76.46219, 37.52741],
						[-76.45626, 37.52093],
						[-76.43756, 37.51436],
						[-76.43838, 37.51195],
						[-76.4358, 37.50941],
						[-76.43945, 37.50174],
						[-76.44538, 37.49177],
						[-76.44962, 37.48881],
						[-76.45183, 37.4846],
						[-76.44907, 37.48116],
						[-76.44958, 37.47805],
						[-76.44719, 37.47299],
						[-76.44701, 37.46253],
						[-76.44414, 37.45967],
						[-76.44474, 37.45754],
						[-76.44304, 37.45665],
						[-76.44214, 37.45285],
						[-76.44836, 37.44985],
						[-76.44872, 37.44814],
						[-76.44533, 37.4453],
						[-76.44681, 37.44259],
						[-76.44426, 37.43911],
						[-76.44798, 37.43656],
						[-76.4464, 37.43344],
						[-76.44937, 37.43184],
						[-76.4499, 37.42799],
						[-76.44794, 37.42006],
						[-76.44474, 37.41854],
						[-76.41453, 37.41359],
						[-76.4161, 37.4093],
						[-76.41517, 37.40213],
						[-76.41872, 37.3978],
						[-76.41634, 37.39401],
						[-76.41474, 37.38168],
						[-76.41491, 37.3798],
						[-76.41732, 37.37955],
						[-76.41231, 37.37492],
						[-76.40972, 37.37479],
						[-76.40933, 37.37012],
						[-76.40986, 37.36868],
						[-76.41453, 37.36835],
						[-76.4287, 37.38154],
						[-76.43752, 37.37975],
						[-76.45104, 37.38126],
						[-76.45092, 37.38683],
						[-76.45484, 37.38815],
						[-76.46102, 37.3874],
						[-76.46364, 37.38523],
						[-76.4672, 37.37984],
						[-76.46732, 37.37323],
						[-76.46958, 37.37059],
						[-76.46732, 37.36672],
						[-76.45651, 37.35935],
						[-76.44688, 37.36199],
						[-76.44641, 37.36492],
						[-76.44415, 37.36653],
						[-76.43497, 37.35452],
						[-76.42542, 37.35063],
						[-76.42648, 37.34857],
						[-76.42089, 37.34336],
						[-76.4147, 37.33968],
						[-76.41234, 37.34496],
						[-76.41013, 37.34416],
						[-76.41147, 37.34102],
						[-76.40368, 37.33866],
						[-76.40267, 37.3361],
						[-76.40639, 37.33292],
						[-76.40469, 37.33167],
						[-76.4059, 37.32992],
						[-76.41242, 37.33356],
						[-76.41527, 37.33167],
						[-76.41634, 37.3293],
						[-76.41135, 37.32449],
						[-76.41289, 37.32259],
						[-76.41693, 37.32052],
						[-76.42002, 37.32174],
						[-76.42145, 37.32061],
						[-76.42549, 37.32326],
						[-76.4331, 37.32241],
						[-76.43714, 37.32411],
						[-76.43856, 37.31381],
						[-76.41919, 37.30766],
						[-76.41159, 37.30757],
						[-76.41016, 37.30936],
						[-76.39934, 37.31333],
						[-76.39471, 37.31286],
						[-76.38859, 37.30848],
						[-76.3915, 37.30473],
						[-76.39554, 37.30492],
						[-76.39685, 37.30303],
						[-76.39257, 37.29613],
						[-76.38901, 37.29622],
						[-76.3863, 37.29831],
						[-76.3856, 37.29411],
						[-76.38208, 37.29275],
						[-76.38295, 37.2863],
						[-76.37867, 37.28573],
						[-76.37629, 37.28062],
						[-76.36892, 37.27835],
						[-76.36693, 37.27961],
						[-76.35256, 37.27833],
						[-76.35455, 37.27233],
						[-76.36239, 37.26861],
						[-76.37902, 37.26823],
						[-76.39008, 37.26351],
						[-76.39586, 37.26533],
						[-76.41717, 37.26511],
						[-76.42347, 37.26228],
						[-76.42454, 37.25868],
						[-76.42288, 37.25491],
						[-76.42914, 37.25331],
						[-76.43393, 37.25698],
						[-76.46456, 37.24991],
						[-76.46891, 37.25108],
						[-76.47719, 37.25017],
						[-76.48284, 37.25483],
						[-76.4933, 37.24947],
						[-76.49881, 37.24866],
						[-76.5063, 37.24339],
						[-76.51606, 37.24875],
						[-76.53641, 37.27112],
						[-76.55332, 37.28098],
						[-76.5666, 37.28635],
						[-76.57673, 37.2969],
						[-76.60071, 37.31404],
						[-76.63728, 37.3556],
						[-76.64952, 37.37428],
						[-76.66233, 37.3834],
						[-76.67237, 37.39588],
						[-76.71231, 37.43131],
						[-76.7063, 37.43718]
					]
				]
			}
		},
		{
			"type": "Feature",
			"properties": {
				"geoid": "51075",
				"name": "Goochland",
				"namelsad": "Goochland County",
				"served": false
			},
			"geometry": {
				"type": "Polygon",
				"coordinates": [
					[
						[-78.15905, 37.74933],
						[-78.06331, 37.90511],
						[-78.05556, 37.90485],
						[-77.99905, 37.87389],
						[-77.98764, 37.86458],
						[-77.99082, 37.85752],
						[-77.94686, 37.85265],
						[-77.94028, 37.83805],
						[-77.90718, 37.82189],
						[-77.90567, 37.8087],
						[-77.89718, 37.80293],
						[-77.91182, 37.78092],
						[-77.88181, 37.75721],
						[-77.86417, 37.75427],
						[-77.85797, 37.75952],
						[-77.8592, 37.75405],
						[-77.84455, 37.74912],
						[-77.8183, 37.7462],
						[-77.78397, 37.72161],
						[-77.71171, 37.70629],
						[-77.65936, 37.7102],
						[-77.63082, 37.7057],
						[-77.63775, 37.68667],
						[-77.64191, 37.68789],
						[-77.65445, 37.64073],
						[-77.65204, 37.61689],
						[-77.6435, 37.6141],
						[-77.64024, 37.60269],
						[-77.62635, 37.59881],
						[-77.61643, 37.57755],
						[-77.63055, 37.57672],
						[-77.63471, 37.56598],
						[-77.6554, 37.56399],
						[-77.7056, 37.58919],
						[-77.73213, 37.58966],
						[-77.76526, 37.61257],
						[-77.81498, 37.6066],
						[-77.82369, 37.61137],
						[-77.82323, 37.62475],
						[-77.8306, 37.63307],
						[-77.89729, 37.66818],
						[-77.91573, 37.69136],
						[-77.94981, 37.67445],
						[-77.95603, 37.66081],
						[-77.94367, 37.63862],
						[-77.95674, 37.62511],
						[-77.97956, 37.62379],
						[-78.01747, 37.64256],
						[-78.0477, 37.64341],
						[-78.06336, 37.64839],
						[-78.08427, 37.66839],
						[-78.10744, 37.67169],
						[-78.10959, 37.6808],
						[-78.09085, 37.69659],
						[-78.09275, 37.70824],
						[-78.15905, 37.74933]
					]
				]
			}
		},
		{
			"type": "Feature",
			"properties": {
				"geoid": "51081",
				"name": "Greensville",
				"namelsad": "Greensville County",
				"served": false
			},
			"geometry": {
				"type": "Polygon",
				"coordinates": [
					[
						[-77.76712, 36.54541],
						[-77.65584, 36.71354],
						[-77.65804, 36.89451],
						[-77.65157, 36.89817],
						[-77.64125, 36.87444],
						[-77.63334, 36.87515],
						[-77.63884, 36.88343],
						[-77.63121, 36.88761],
						[-77.62557, 36.88051],
						[-77.60667, 36.87741],
						[-77.60527, 36.87094],
						[-77.59474, 36.87108],
						[-77.57645, 36.85157],
						[-77.56802, 36.85328],
						[-77.55754, 36.84557],
						[-77.539, 36.85303],
						[-77.50122, 36.84508],
						[-77.47519, 36.86113],
						[-77.45868, 36.86296],
						[-77.49, 36.72101],
						[-77.43013, 36.70766],
						[-77.50192, 36.67051],
						[-77.47773, 36.66912],
						[-77.47668, 36.66102],
						[-77.46384, 36.65254],
						[-77.45577, 36.65544],
						[-77.45745, 36.65077],
						[-77.41533, 36.65427],
						[-77.38619, 36.64163],
						[-77.38654, 36.6298],
						[-77.37796, 36.63305],
						[-77.3721, 36.62634],
						[-77.3763, 36.62358],
						[-77.36801, 36.61559],
						[-77.3713, 36.60716],
						[-77.35741, 36.60079],
						[-77.35589, 36.58049],
						[-77.3623, 36.57359],
						[-77.35514, 36.55451],
						[-77.33613, 36.55069],
						[-77.3316, 36.5577],
						[-77.29688, 36.54474],
						[-77.76712, 36.54541]
					],
					[
						[-77.56389, 36.70307],
						[-77.55652, 36.67487],
						[-77.5482, 36.6719],
						[-77.52572, 36.67283],
						[-77.52009, 36.68535],
						[-77.50925, 36.683],
						[-77.50672, 36.69012],
						[-77.50863, 36.70216],
						[-77.51751, 36.69956],
						[-77.50937, 36.7164],
						[-77.51488, 36.72057],
						[-77.52183, 36.71283],
						[-77.55657, 36.71366],
						[-77.56389, 36.70307]
					]
				]
			}
		},
		{
			"type": "Feature",
			"properties": {
				"geoid": "51085",
				"name": "Hanover",
				"namelsad": "Hanover County",
				"served": false
			},
			"geometry": {
				"type": "Polygon",
				"coordinates": [
					[
						[-77.79681, 37.73061],
						[-77.68412, 38.00817],
						[-77.65913, 37.99181],
						[-77.64288, 37.99262],
						[-77.64346, 37.97971],
						[-77.63134, 37.9722],
						[-77.63262, 37.96525],
						[-77.62098, 37.96657],
						[-77.61408, 37.95931],
						[-77.61618, 37.94902],
						[-77.60486, 37.95534],
						[-77.58989, 37.94927],
						[-77.57673, 37.95807],
						[-77.57047, 37.95492],
						[-77.56212, 37.93638],
						[-77.54647, 37.92856],
						[-77.55675, 37.92455],
						[-77.55481, 37.92072],
						[-77.54604, 37.91589],
						[-77.52913, 37.92082],
						[-77.51889, 37.90682],
						[-77.49364, 37.89755],
						[-77.48417, 37.88337],
						[-77.44515, 37.8947],
						[-77.41871, 37.86055],
						[-77.42817, 37.85646],
						[-77.42827, 37.82957],
						[-77.40964, 37.81973],
						[-77.42031, 37.81586],
						[-77.42235, 37.80878],
						[-77.39524, 37.80244],
						[-77.39835, 37.7908],
						[-77.39085, 37.78675],
						[-77.40369, 37.78592],
						[-77.40475, 37.77991],
						[-77.3747, 37.77636],
						[-77.36226, 37.79765],
						[-77.34849, 37.78881],
						[-77.33175, 37.792],
						[-77.32182, 37.7698],
						[-77.33739, 37.76481],
						[-77.33554, 37.75605],
						[-77.30412, 37.7553],
						[-77.30376, 37.74443],
						[-77.32095, 37.74328],
						[-77.32251, 37.73432],
						[-77.29398, 37.73991],
						[-77.29718, 37.72427],
						[-77.29197, 37.71396],
						[-77.27957, 37.71384],
						[-77.27016, 37.72343],
						[-77.24599, 37.71016],
						[-77.25179, 37.72216],
						[-77.24397, 37.73033],
						[-77.23034, 37.71394],
						[-77.24386, 37.69919],
						[-77.23678, 37.69229],
						[-77.24158, 37.68679],
						[-77.21454, 37.68896],
						[-77.20863, 37.68372],
						[-77.21281, 37.67818],
						[-77.20661, 37.67695],
						[-77.19922, 37.68979],
						[-77.1846, 37.68696],
						[-77.18213, 37.67401],
						[-77.19189, 37.66632],
						[-77.18667, 37.65771],
						[-77.16638, 37.66092],
						[-77.16274, 37.66805],
						[-77.14727, 37.66432],
						[-77.14756, 37.67516],
						[-77.14173, 37.66528],
						[-77.11973, 37.66],
						[-77.11041, 37.66369],
						[-77.10796, 37.6587],
						[-77.1173, 37.64405],
						[-77.11531, 37.63597],
						[-77.12959, 37.63556],
						[-77.12368, 37.62688],
						[-77.1338, 37.62641],
						[-77.13812, 37.61579],
						[-77.13268, 37.60924],
						[-77.13964, 37.60518],
						[-77.14036, 37.59223],
						[-77.17094, 37.59652],
						[-77.24099, 37.53809],
						[-77.4036, 37.60511],
						[-77.40871, 37.61466],
						[-77.40538, 37.62603],
						[-77.42068, 37.6365],
						[-77.44321, 37.68216],
						[-77.46031, 37.67823],
						[-77.4713, 37.68766],
						[-77.48064, 37.68194],
						[-77.49489, 37.70153],
						[-77.52222, 37.70015],
						[-77.54343, 37.68465],
						[-77.55786, 37.68192],
						[-77.59539, 37.69704],
						[-77.61061, 37.71041],
						[-77.62252, 37.70489],
						[-77.65936, 37.7102],
						[-77.71171, 37.70629],
						[-77.78397, 37.72161],
						[-77.79681, 37.73061]
					]
				]
			}
		},
		{
			"type": "Feature",
			"properties": {
				"geoid": "51087",
				"name": "Henrico",
				"namelsad": "Henrico County",
				"served": true
			},
			"geometry": {
				"type": "Polygon",
				"coordinates": [
					[
						[-77.65285, 37.56541],
						[-77.63471, 37.56598],
						[-77.63394, 37.56733],
						[-77.63626, 37.5687],
						[-77.63569, 37.57138],
						[-77.63055, 37.57672],
						[-77.62392, 37.57576],
						[-77.61643, 37.57755],
						[-77.61889, 37.58488],
						[-77.61832, 37.58897],
						[-77.62447, 37.58996],
						[-77.62833, 37.59459],
						[-77.62604, 37.59661],
						[-77.62635, 37.59881],
						[-77.6341, 37.60202],
						[-77.64024, 37.60269],
						[-77.64175, 37.61178],
						[-77.6435, 37.6141],
						[-77.64657, 37.61379],
						[-77.65204, 37.61689],
						[-77.65062, 37.62419],
						[-77.65445, 37.64073],
						[-77.64953, 37.65158],
						[-77.64936, 37.65937],
						[-77.64619, 37.65922],
						[-77.64092, 37.67807],
						[-77.64284, 37.67931],
						[-77.64191, 37.68789],
						[-77.63775, 37.68667],
						[-77.63023, 37.7073],
						[-77.62252, 37.70489],
						[-77.61061, 37.71041],
						[-77.60706, 37.70966],
						[-77.59466, 37.70044],
						[-77.59539, 37.69704],
						[-77.58888, 37.69423],
						[-77.5879, 37.69509],
						[-77.57851, 37.68851],
						[-77.57309, 37.68893],
						[-77.56709, 37.68392],
						[-77.55786, 37.68192],
						[-77.5565, 37.68465],
						[-77.55039, 37.68238],
						[-77.55124, 37.68591],
						[-77.5502, 37.68619],
						[-77.54343, 37.68465],
						[-77.54014, 37.68819],
						[-77.53331, 37.69143],
						[-77.53172, 37.69441],
						[-77.52627, 37.69435],
						[-77.52775, 37.69679],
						[-77.52468, 37.69704],
						[-77.52222, 37.70015],
						[-77.52087, 37.69767],
						[-77.51335, 37.69962],
						[-77.51131, 37.70179],
						[-77.50273, 37.69972],
						[-77.49489, 37.70153],
						[-77.49178, 37.69883],
						[-77.4925, 37.69685],
						[-77.4884, 37.69102],
						[-77.49011, 37.68877],
						[-77.48664, 37.68481],
						[-77.48064, 37.68194],
						[-77.47764, 37.68088],
						[-77.47632, 37.68542],
						[-77.4713, 37.68766],
						[-77.46031, 37.67823],
						[-77.45658, 37.67796],
						[-77.45492, 37.67911],
						[-77.45587, 37.67989],
						[-77.45113, 37.68027],
						[-77.44885, 37.68434],
						[-77.44321, 37.68216],
						[-77.44012, 37.67688],
						[-77.43953, 37.66808],
						[-77.43076, 37.65813],
						[-77.43004, 37.65128],
						[-77.4243, 37.6487],
						[-77.41994, 37.63816],
						[-77.42068, 37.6365],
						[-77.41825, 37.63317],
						[-77.40538, 37.62603],
						[-77.40467, 37.62261],
						[-77.40871, 37.61466],
						[-77.40458, 37.60992],
						[-77.40527, 37.6077],
						[-77.4036, 37.60511],
						[-77.39985, 37.60607],
						[-77.39113, 37.59809],
						[-77.38723, 37.59805],
						[-77.38175, 37.59451],
						[-77.36663, 37.59073],
						[-77.36267, 37.58869],
						[-77.35789, 37.58309],
						[-77.3381, 37.57721],
						[-77.33576, 37.57478],
						[-77.32721, 37.57182],
						[-77.32623, 37.57],
						[-77.31671, 37.56747],
						[-77.31341, 37.56461],
						[-77.31106, 37.56492],
						[-77.30594, 37.56101],
						[-77.30221, 37.55977],
						[-77.29123, 37.56062],
						[-77.28691, 37.55631],
						[-77.2699, 37.55154],
						[-77.26591, 37.55186],
						[-77.24681, 37.53931],
						[-77.2399, 37.53793],
						[-77.23185, 37.53964],
						[-77.22651, 37.53387],
						[-77.22124, 37.53323],
						[-77.22025, 37.52722],
						[-77.21251, 37.52323],
						[-77.2087, 37.5163],
						[-77.20624, 37.51598],
						[-77.20701, 37.51345],
						[-77.20317, 37.51304],
						[-77.19398, 37.50754],
						[-77.19194, 37.50124],
						[-77.18816, 37.50022],
						[-77.18744, 37.49756],
						[-77.18605, 37.49798],
						[-77.17732, 37.4906],
						[-77.22171, 37.40877],
						[-77.22597, 37.40537],
						[-77.22054, 37.40061],
						[-77.2204, 37.39621],
						[-77.21459, 37.39352],
						[-77.21779, 37.38633],
						[-77.21507, 37.38593],
						[-77.22341, 37.38232],
						[-77.22427, 37.38022],
						[-77.22631, 37.37997],
						[-77.22952, 37.38293],
						[-77.23228, 37.38209],
						[-77.23221, 37.38345],
						[-77.23461, 37.38156],
						[-77.2383, 37.38747],
						[-77.24684, 37.39142],
						[-77.24635, 37.39318],
						[-77.24501, 37.39298],
						[-77.24875, 37.39473],
						[-77.25128, 37.38872],
						[-77.25395, 37.38761],
						[-77.2504, 37.38665],
						[-77.24835, 37.3826],
						[-77.25157, 37.37935],
						[-77.255, 37.37914],
						[-77.25506, 37.37708],
						[-77.25617, 37.37969],
						[-77.26382, 37.37829],
						[-77.26201, 37.37756],
						[-77.26589, 37.37604],
						[-77.26753, 37.37349],
						[-77.26703, 37.36071],
						[-77.2697, 37.3562],
						[-77.27263, 37.35326],
						[-77.28646, 37.35197],
						[-77.30549, 37.358],
						[-77.31075, 37.36578],
						[-77.31153, 37.37328],
						[-77.30607, 37.37883],
						[-77.2982, 37.39209],
						[-77.29808, 37.40319],
						[-77.30031, 37.40525],
						[-77.30421, 37.40594],
						[-77.30865, 37.40402],
						[-77.30874, 37.39245],
						[-77.31871, 37.38017],
						[-77.32815, 37.3774],
						[-77.34923, 37.37847],
						[-77.36035, 37.37488],
						[-77.36194, 37.37606],
						[-77.35771, 37.38353],
						[-77.35947, 37.38676],
						[-77.36521, 37.39092],
						[-77.36917, 37.39206],
						[-77.37268, 37.3902],
						[-77.37367, 37.3844],
						[-77.37574, 37.3817],
						[-77.38631, 37.38662],
						[-77.38391, 37.39498],
						[-77.38459, 37.39753],
						[-77.39854, 37.40538],
						[-77.39499, 37.40481],
						[-77.39908, 37.42127],
						[-77.40307, 37.42355],
						[-77.40561, 37.4229],
						[-77.40157, 37.42028],
						[-77.40301, 37.418],
						[-77.40678, 37.42007],
						[-77.4069, 37.42306],
						[-77.41444, 37.42161],
						[-77.41412, 37.41973],
						[-77.41546, 37.42147],
						[-77.42065, 37.42182],
						[-77.42687, 37.42615],
						[-77.42861, 37.43459],
						[-77.42074, 37.44752],
						[-77.41889, 37.44663],
						[-77.41751, 37.45181],
						[-77.42164, 37.47131],
						[-77.42129, 37.48546],
						[-77.42281, 37.49614],
						[-77.41761, 37.50478],
						[-77.41651, 37.51713],
						[-77.41018, 37.51722],
						[-77.40831, 37.51061],
						[-77.39388, 37.50495],
						[-77.39427, 37.51488],
						[-77.38739, 37.51706],
						[-77.39427, 37.52468],
						[-77.39391, 37.52611],
						[-77.39121, 37.5301],
						[-77.38604, 37.52892],
						[-77.38551, 37.53517],
						[-77.39325, 37.5373],
						[-77.39616, 37.54631],
						[-77.39508, 37.54935],
						[-77.41171, 37.55234],
						[-77.40831, 37.55765],
						[-77.41269, 37.55951],
						[-77.41492, 37.56345],
						[-77.41115, 37.56537],
						[-77.40952, 37.56896],
						[-77.41322, 37.57627],
						[-77.41332, 37.57996],
						[-77.41864, 37.58223],
						[-77.43144, 37.58085],
						[-77.43935, 37.58549],
						[-77.43743, 37.59129],
						[-77.44085, 37.59405],
						[-77.44051, 37.59763],
						[-77.43762, 37.59857],
						[-77.44758, 37.60281],
						[-77.45441, 37.60189],
						[-77.45448, 37.5975],
						[-77.46584, 37.59676],
						[-77.46606, 37.59913],
						[-77.47815, 37.59889],
						[-77.4772, 37.59791],
						[-77.47921, 37.58765],
						[-77.47253, 37.57875],
						[-77.48237, 37.57314],
						[-77.4929, 37.58179],
						[-77.49994, 37.5754],
						[-77.51325, 37.58253],
						[-77.51646, 37.58167],
						[-77.53256, 37.59178],
						[-77.53203, 37.58257],
						[-77.5342, 37.58418],
						[-77.53783, 37.58136],
						[-77.53862, 37.58289],
						[-77.54388, 37.58133],
						[-77.54137, 37.58029],
						[-77.54677, 37.57548],
						[-77.54747, 37.57254],
						[-77.54223, 37.57075],
						[-77.53716, 37.57252],
						[-77.53486, 37.56822],
						[-77.52586, 37.56824],
						[-77.52983, 37.55922],
						[-77.54779, 37.56012],
						[-77.56014, 37.55557],
						[-77.57805, 37.55898],
						[-77.59546, 37.55575],
						[-77.60595, 37.55546],
						[-77.64984, 37.55984],
						[-77.6554, 37.56399],
						[-77.65285, 37.56541]
					]
				]
			}
		},
		{
			"type": "Feature",
			"properties": {
				"geoid": "51093",
				"name": "Isle of Wight",
				"namelsad": "Isle of Wight County",
				"served": true
			},
			"geometry": {
				"type": "Polygon",
				"coordinates": [
					[
						[-76.92833, 36.70469],
						[-76.92588, 36.70533],
						[-76.92678, 36.70644],
						[-76.92264, 36.70956],
						[-76.92446, 36.71076],
						[-76.92258, 36.71592],
						[-76.91876, 36.71603],
						[-76.91886, 36.71985],
						[-76.91669, 36.71806],
						[-76.91699, 36.71953],
						[-76.91418, 36.72214],
						[-76.91657, 36.72447],
						[-76.91346, 36.72552],
						[-76.91583, 36.72877],
						[-76.91366, 36.72926],
						[-76.91699, 36.73372],
						[-76.91538, 36.73645],
						[-76.91031, 36.73876],
						[-76.9095, 36.74143],
						[-76.90423, 36.73888],
						[-76.90187, 36.74253],
						[-76.89481, 36.74703],
						[-76.89972, 36.75358],
						[-76.90054, 36.75284],
						[-76.90015, 36.75509],
						[-76.90172, 36.75501],
						[-76.90036, 36.75631],
						[-76.9014, 36.75739],
						[-76.89756, 36.75961],
						[-76.8983, 36.762],
						[-76.89505, 36.76341],
						[-76.89278, 36.76251],
						[-76.8928, 36.76044],
						[-76.89054, 36.76061],
						[-76.88462, 36.7644],
						[-76.88939, 36.77154],
						[-76.88518, 36.77556],
						[-76.8872, 36.77693],
						[-76.88499, 36.78022],
						[-76.87569, 36.783],
						[-76.87267, 36.78488],
						[-76.87193, 36.78832],
						[-76.86701, 36.78796],
						[-76.86559, 36.78957],
						[-76.86608, 36.79373],
						[-76.86194, 36.79765],
						[-76.86172, 36.80064],
						[-76.86254, 36.80389],
						[-76.86357, 36.80493],
						[-76.8662, 36.80392],
						[-76.86888, 36.80845],
						[-76.86403, 36.81392],
						[-76.86572, 36.81687],
						[-76.86203, 36.82681],
						[-76.86052, 36.82735],
						[-76.85904, 36.82672],
						[-76.85922, 36.82494],
						[-76.8575, 36.82492],
						[-76.85563, 36.82721],
						[-76.85969, 36.8357],
						[-76.856, 36.83853],
						[-76.85399, 36.84321],
						[-76.84928, 36.84626],
						[-76.84865, 36.84996],
						[-76.8522, 36.85181],
						[-76.85192, 36.85373],
						[-76.8496, 36.85312],
						[-76.84085, 36.85575],
						[-76.83952, 36.85944],
						[-76.83619, 36.85976],
						[-76.83385, 36.86285],
						[-76.83822, 36.86488],
						[-76.83869, 36.86676],
						[-76.83019, 36.87016],
						[-76.8311, 36.8723],
						[-76.82907, 36.87579],
						[-76.82494, 36.8759],
						[-76.82418, 36.87812],
						[-76.82232, 36.87832],
						[-76.82192, 36.87694],
						[-76.81803, 36.88058],
						[-76.81774, 36.88206],
						[-76.82053, 36.8836],
						[-76.8233, 36.88244],
						[-76.82303, 36.88385],
						[-76.82607, 36.88473],
						[-76.82727, 36.88748],
						[-76.82564, 36.89122],
						[-76.81941, 36.89289],
						[-76.8194, 36.89658],
						[-76.81494, 36.90046],
						[-76.81558, 36.90538],
						[-76.81909, 36.90687],
						[-76.81614, 36.90921],
						[-76.8156, 36.91428],
						[-76.8225, 36.91623],
						[-76.82731, 36.92076],
						[-76.83346, 36.91737],
						[-76.83566, 36.91939],
						[-76.83604, 36.92406],
						[-76.8337, 36.92463],
						[-76.83143, 36.92959],
						[-76.83999, 36.92907],
						[-76.84483, 36.9326],
						[-76.8453, 36.94079],
						[-76.8525, 36.94711],
						[-76.85114, 36.9486],
						[-76.85334, 36.95322],
						[-76.85897, 36.95603],
						[-76.85928, 36.95799],
						[-76.85508, 36.96365],
						[-76.85522, 36.96732],
						[-76.85306, 36.97089],
						[-76.85393, 36.97219],
						[-76.8512, 36.97415],
						[-76.85125, 36.9761],
						[-76.85421, 36.97865],
						[-76.85012, 36.98673],
						[-76.85116, 36.98961],
						[-76.84929, 36.9932],
						[-76.84968, 36.99621],
						[-76.77159, 37.03091],
						[-76.70954, 37.05645],
						[-76.70623, 37.05575],
						[-76.69763, 37.0598],
						[-76.70118, 37.0662],
						[-76.69616, 37.07256],
						[-76.69339, 37.07356],
						[-76.69501, 37.07666],
						[-76.69376, 37.08216],
						[-76.69565, 37.08328],
						[-76.68448, 37.08816],
						[-76.68384, 37.09263],
						[-76.68169, 37.09378],
						[-76.68414, 37.09701],
						[-76.68208, 37.09866],
						[-76.68419, 37.10389],
						[-76.68141, 37.10674],
						[-76.67797, 37.10418],
						[-76.67517, 37.10864],
						[-76.67936, 37.11143],
						[-76.67713, 37.11392],
						[-76.67997, 37.11768],
						[-76.68029, 37.12629],
						[-76.67822, 37.1304],
						[-76.67265, 37.13277],
						[-76.67574, 37.1365],
						[-76.67379, 37.14098],
						[-76.67159, 37.14206],
						[-76.66709, 37.14045],
						[-76.66436, 37.13287],
						[-76.66448, 37.12188],
						[-76.65689, 37.10984],
						[-76.65842, 37.10331],
						[-76.65711, 37.0998],
						[-76.66765, 37.07623],
						[-76.66982, 37.06426],
						[-76.66835, 37.05506],
						[-76.66256, 37.04575],
						[-76.654, 37.03917],
						[-76.64601, 37.03623],
						[-76.61212, 37.0356],
						[-76.58649, 37.02874],
						[-76.57796, 37.02194],
						[-76.57606, 37.01539],
						[-76.58485, 37.00614],
						[-76.5802, 36.99704],
						[-76.57815, 36.99626],
						[-76.57087, 36.99817],
						[-76.56788, 37.00318],
						[-76.56292, 37.0038],
						[-76.55693, 37.00201],
						[-76.55125, 36.99895],
						[-76.54065, 36.98825],
						[-76.53411, 36.98521],
						[-76.52485, 36.98383],
						[-76.52297, 36.98109],
						[-76.52414, 36.97832],
						[-76.52101, 36.97319],
						[-76.51336, 36.96806],
						[-76.49596, 36.96499],
						[-76.48646, 36.95654],
						[-76.48756, 36.95237],
						[-76.48553, 36.93858],
						[-76.49525, 36.94144],
						[-76.49917, 36.93755],
						[-76.49976, 36.92938],
						[-76.49517, 36.9225],
						[-76.50043, 36.91463],
						[-76.5211, 36.90633],
						[-76.52455, 36.90741],
						[-76.52716, 36.91092],
						[-76.52643, 36.91463],
						[-76.52928, 36.9167],
						[-76.53352, 36.91556],
						[-76.53581, 36.91251],
						[-76.53786, 36.91239],
						[-76.60256, 36.86391],
						[-76.75581, 36.74605],
						[-76.81464, 36.70573],
						[-76.89759, 36.64405],
						[-76.9077, 36.64719],
						[-76.9126, 36.6507],
						[-76.91208, 36.65579],
						[-76.91774, 36.66237],
						[-76.91216, 36.66931],
						[-76.91201, 36.67272],
						[-76.91486, 36.67456],
						[-76.91901, 36.67469],
						[-76.91643, 36.67868],
						[-76.91846, 36.6806],
						[-76.92498, 36.6822],
						[-76.92331, 36.6838],
						[-76.92227, 36.68252],
						[-76.92091, 36.68324],
						[-76.92098, 36.68601],
						[-76.91766, 36.6872],
						[-76.91959, 36.68878],
						[-76.91704, 36.69076],
						[-76.91733, 36.69304],
						[-76.91585, 36.69312],
						[-76.91651, 36.69492],
						[-76.9131, 36.69611],
						[-76.91222, 36.69841],
						[-76.91577, 36.70099],
						[-76.92569, 36.69833],
						[-76.93027, 36.705],
						[-76.92833, 36.70469]
					]
				]
			}
		},
		{
			"type": "Feature",
			"properties": {
				"geoid": "51095",
				"name": "James City",
				"namelsad": "James City County",
				"served": true
			},
			"geometry": {
				"type": "Polygon",
				"coordinates": [
					[
						[-76.91423, 37.35679],
						[-76.9085, 37.36635],
						[-76.90114, 37.36998],
						[-76.89779, 37.3738],
						[-76.8981, 37.37515],
						[-76.90447, 37.37767],
						[-76.9002, 37.38576],
						[-76.89863, 37.38585],
						[-76.89831, 37.38253],
						[-76.89216, 37.38338],
						[-76.89241, 37.38795],
						[-76.89719, 37.39217],
						[-76.90037, 37.39212],
						[-76.90053, 37.39589],
						[-76.89817, 37.39574],
						[-76.89797, 37.39955],
						[-76.89415, 37.40023],
						[-76.8951, 37.40682],
						[-76.89315, 37.40964],
						[-76.89467, 37.41488],
						[-76.89038, 37.42004],
						[-76.89526, 37.42819],
						[-76.89206, 37.43242],
						[-76.88705, 37.43287],
						[-76.87602, 37.4404],
						[-76.86525, 37.44205],
						[-76.85997, 37.44683],
						[-76.85627, 37.44805],
						[-76.82695, 37.44889],
						[-76.82413, 37.45073],
						[-76.80816, 37.44551],
						[-76.79235, 37.43545],
						[-76.78655, 37.43805],
						[-76.7773, 37.43573],
						[-76.77689, 37.43392],
						[-76.77438, 37.43472],
						[-76.77263, 37.43834],
						[-76.77035, 37.43861],
						[-76.77164, 37.43525],
						[-76.77028, 37.43499],
						[-76.7673, 37.43811],
						[-76.76816, 37.43923],
						[-76.76443, 37.43695],
						[-76.76363, 37.43822],
						[-76.76585, 37.44026],
						[-76.75917, 37.4444],
						[-76.76199, 37.44441],
						[-76.76154, 37.44647],
						[-76.75919, 37.44465],
						[-76.75799, 37.4455],
						[-76.76243, 37.45072],
						[-76.7657, 37.4515],
						[-76.76346, 37.4542],
						[-76.76047, 37.45253],
						[-76.76026, 37.45869],
						[-76.75638, 37.45643],
						[-76.75765, 37.45951],
						[-76.75679, 37.46171],
						[-76.74198, 37.46708],
						[-76.73296, 37.45023],
						[-76.72759, 37.44416],
						[-76.67237, 37.39588],
						[-76.65865, 37.38014],
						[-76.67432, 37.3677],
						[-76.67617, 37.36925],
						[-76.67997, 37.36689],
						[-76.68329, 37.36758],
						[-76.68338, 37.37011],
						[-76.69015, 37.369],
						[-76.69065, 37.36589],
						[-76.6924, 37.36574],
						[-76.69041, 37.36711],
						[-76.69344, 37.36813],
						[-76.69471, 37.36521],
						[-76.69773, 37.36601],
						[-76.69817, 37.36827],
						[-76.70017, 37.36758],
						[-76.69984, 37.3659],
						[-76.71044, 37.36476],
						[-76.71666, 37.36642],
						[-76.71982, 37.3692],
						[-76.72521, 37.36907],
						[-76.7271, 37.37125],
						[-76.7419, 37.37061],
						[-76.74594, 37.36247],
						[-76.75551, 37.35422],
						[-76.75301, 37.34577],
						[-76.75454, 37.34015],
						[-76.73458, 37.33143],
						[-76.73595, 37.32344],
						[-76.7296, 37.31298],
						[-76.72786, 37.30593],
						[-76.72899, 37.30562],
						[-76.73097, 37.3101],
						[-76.74055, 37.30579],
						[-76.74095, 37.30159],
						[-76.73924, 37.30225],
						[-76.73455, 37.30013],
						[-76.73322, 37.29757],
						[-76.7337, 37.29293],
						[-76.73137, 37.29118],
						[-76.73152, 37.28898],
						[-76.7339, 37.28872],
						[-76.73409, 37.28644],
						[-76.72546, 37.2844],
						[-76.7249, 37.28076],
						[-76.72563, 37.27969],
						[-76.73748, 37.28019],
						[-76.73848, 37.27593],
						[-76.7422, 37.2762],
						[-76.74298, 37.27464],
						[-76.74114, 37.27338],
						[-76.74057, 37.27565],
						[-76.73866, 37.27537],
						[-76.74102, 37.26598],
						[-76.73855, 37.26132],
						[-76.73608, 37.25722],
						[-76.72626, 37.24995],
						[-76.70604, 37.24781],
						[-76.69804, 37.24902],
						[-76.69051, 37.24759],
						[-76.67314, 37.24766],
						[-76.66423, 37.25111],
						[-76.66716, 37.25102],
						[-76.66766, 37.25437],
						[-76.67569, 37.2605],
						[-76.6776, 37.25915],
						[-76.68093, 37.2606],
						[-76.68029, 37.26573],
						[-76.66927, 37.26603],
						[-76.66582, 37.26406],
						[-76.66247, 37.25161],
						[-76.65883, 37.24529],
						[-76.65128, 37.23915],
						[-76.63272, 37.23635],
						[-76.62732, 37.23147],
						[-76.62302, 37.23506],
						[-76.60125, 37.23757],
						[-76.60046, 37.23429],
						[-76.59558, 37.23023],
						[-76.59526, 37.22],
						[-76.59312, 37.21424],
						[-76.5913, 37.21321],
						[-76.59128, 37.20717],
						[-76.58547, 37.20082],
						[-76.58217, 37.19488],
						[-76.58318, 37.19297],
						[-76.57998, 37.19266],
						[-76.58017, 37.19074],
						[-76.5779, 37.19026],
						[-76.57998, 37.18859],
						[-76.57834, 37.18646],
						[-76.58107, 37.18527],
						[-76.58122, 37.18251],
						[-76.58457, 37.18258],
						[-76.58435, 37.18106],
						[-76.58699, 37.18021],
						[-76.5903, 37.18151],
						[-76.59788, 37.17825],
						[-76.60744, 37.16884],
						[-76.61111, 37.16985],
						[-76.61627, 37.17896],
						[-76.61934, 37.19215],
						[-76.62987, 37.20674],
						[-76.64109, 37.216],
						[-76.64987, 37.22091],
						[-76.65984, 37.22321],
						[-76.693, 37.22368],
						[-76.70262, 37.21715],
						[-76.73151, 37.21223],
						[-76.75824, 37.21554],
						[-76.75979, 37.21242],
						[-76.75836, 37.21156],
						[-76.75159, 37.21081],
						[-76.75135, 37.2092],
						[-76.74351, 37.20664],
						[-76.73816, 37.20636],
						[-76.73499, 37.20316],
						[-76.74065, 37.19831],
						[-76.74, 37.19538],
						[-76.74304, 37.19261],
						[-76.75047, 37.1901],
						[-76.75777, 37.19166],
						[-76.76442, 37.19888],
						[-76.78053, 37.20934],
						[-76.79354, 37.23125],
						[-76.79888, 37.23475],
						[-76.82218, 37.24364],
						[-76.85046, 37.2408],
						[-76.86952, 37.24216],
						[-76.87363, 37.25008],
						[-76.87328, 37.25149],
						[-76.86769, 37.25197],
						[-76.86627, 37.25849],
						[-76.86983, 37.26218],
						[-76.87221, 37.26275],
						[-76.87519, 37.2608],
						[-76.88205, 37.27168],
						[-76.88308, 37.27592],
						[-76.88083, 37.28726],
						[-76.87168, 37.2956],
						[-76.87199, 37.2984],
						[-76.87693, 37.30271],
						[-76.88, 37.30987],
						[-76.87468, 37.32043],
						[-76.87662, 37.33322],
						[-76.87363, 37.34256],
						[-76.87468, 37.34601],
						[-76.88014, 37.34868],
						[-76.8806, 37.35024],
						[-76.87351, 37.36342],
						[-76.8771, 37.36919],
						[-76.88477, 37.36857],
						[-76.89116, 37.3621],
						[-76.89952, 37.35903],
						[-76.90535, 37.35064],
						[-76.90965, 37.34864],
						[-76.91586, 37.35262],
						[-76.91423, 37.35679]
					]
				]
			}
		},
		{
			"type": "Feature",
			"properties": {
				"geoid": "51097",
				"name": "King and Queen",
				"namelsad": "King and Queen County",
				"served": true
			},
			"geometry": {
				"type": "Polygon",
				"coordinates": [
					[
						[-77.18696, 37.90104],
						[-77.18207, 37.90453],
						[-77.17919, 37.90081],
						[-77.17484, 37.90324],
						[-77.17536, 37.90544],
						[-77.18641, 37.91125],
						[-77.18481, 37.91413],
						[-77.18297, 37.91424],
						[-77.17879, 37.92896],
						[-77.18396, 37.94143],
						[-77.17877, 37.94674],
						[-77.18196, 37.94958],
						[-77.17589, 37.95688],
						[-77.17229, 37.95837],
						[-77.16701, 37.96413],
						[-77.15688, 37.96612],
						[-77.14863, 37.972],
						[-77.14422, 37.97217],
						[-77.14082, 37.97044],
						[-77.13922, 37.97172],
						[-77.1221, 37.97044],
						[-77.1065, 37.97165],
						[-77.1036, 37.97021],
						[-77.0997, 37.96445],
						[-77.09683, 37.96387],
						[-77.08982, 37.96379],
						[-77.08435, 37.96548],
						[-77.08053, 37.9687],
						[-77.0723, 37.96831],
						[-77.06428, 37.95841],
						[-77.06804, 37.95134],
						[-77.07283, 37.9464],
						[-77.05972, 37.9431],
						[-77.05569, 37.93784],
						[-77.05523, 37.93088],
						[-77.0501, 37.93111],
						[-77.04841, 37.92849],
						[-77.04314, 37.92692],
						[-77.04018, 37.92808],
						[-77.03402, 37.92545],
						[-77.03162, 37.92151],
						[-77.03265, 37.9171],
						[-77.02846, 37.91532],
						[-77.02921, 37.9116],
						[-77.02405, 37.90494],
						[-77.02769, 37.90246],
						[-77.02787, 37.89881],
						[-77.03015, 37.89874],
						[-77.03029, 37.89536],
						[-77.02884, 37.89389],
						[-77.03174, 37.89123],
						[-77.02534, 37.89025],
						[-77.02493, 37.8874],
						[-77.02025, 37.88528],
						[-77.02475, 37.88182],
						[-77.02292, 37.87959],
						[-77.02937, 37.87697],
						[-77.03963, 37.87671],
						[-77.04269, 37.87295],
						[-77.0412, 37.86903],
						[-77.0357, 37.86784],
						[-77.03551, 37.86582],
						[-77.03296, 37.86423],
						[-77.0202, 37.86105],
						[-77.01819, 37.84873],
						[-77.019, 37.84488],
						[-77.00652, 37.83722],
						[-76.99262, 37.83459],
						[-76.99127, 37.83711],
						[-76.98277, 37.83945],
						[-76.96988, 37.82859],
						[-76.95377, 37.82955],
						[-76.94521, 37.82817],
						[-76.94545, 37.81111],
						[-76.94181, 37.80615],
						[-76.94128, 37.80261],
						[-76.94315, 37.79403],
						[-76.94322, 37.78296],
						[-76.93992, 37.78374],
						[-76.93441, 37.78987],
						[-76.92642, 37.79125],
						[-76.92238, 37.7945],
						[-76.90645, 37.79624],
						[-76.88855, 37.79064],
						[-76.88342, 37.78352],
						[-76.87767, 37.7821],
						[-76.87231, 37.78273],
						[-76.85546, 37.79006],
						[-76.84263, 37.79804],
						[-76.82069, 37.79246],
						[-76.80218, 37.79465],
						[-76.79461, 37.7898],
						[-76.79099, 37.78673],
						[-76.79197, 37.7788],
						[-76.7895, 37.7712],
						[-76.78453, 37.76754],
						[-76.77208, 37.76232],
						[-76.76975, 37.75708],
						[-76.76086, 37.75104],
						[-76.75958, 37.74686],
						[-76.7555, 37.74391],
						[-76.74939, 37.7203],
						[-76.75107, 37.71167],
						[-76.74725, 37.70577],
						[-76.74296, 37.70297],
						[-76.74225, 37.6989],
						[-76.73208, 37.68807],
						[-76.72532, 37.69201],
						[-76.7282, 37.67559],
						[-76.72224, 37.67296],
						[-76.72337, 37.66959],
						[-76.72133, 37.66431],
						[-76.71686, 37.66049],
						[-76.71796, 37.65773],
						[-76.71014, 37.65557],
						[-76.70677, 37.65283],
						[-76.70645, 37.64508],
						[-76.70272, 37.6414],
						[-76.69565, 37.63864],
						[-76.69557, 37.6302],
						[-76.68589, 37.62327],
						[-76.6861, 37.62117],
						[-76.68227, 37.61724],
						[-76.67287, 37.61507],
						[-76.67036, 37.61176],
						[-76.66772, 37.61192],
						[-76.66629, 37.60941],
						[-76.66252, 37.6087],
						[-76.66172, 37.60557],
						[-76.65408, 37.60317],
						[-76.66323, 37.56566],
						[-76.66147, 37.55796],
						[-76.66762, 37.53512],
						[-76.66649, 37.53326],
						[-76.66932, 37.52851],
						[-76.66747, 37.5201],
						[-76.65726, 37.50851],
						[-76.65152, 37.49794],
						[-76.64801, 37.49589],
						[-76.64892, 37.49424],
						[-76.64673, 37.48865],
						[-76.64858, 37.48703],
						[-76.64564, 37.48634],
						[-76.64797, 37.48001],
						[-76.65006, 37.48],
						[-76.65019, 37.48158],
						[-76.65152, 37.48074],
						[-76.64914, 37.47684],
						[-76.65189, 37.4766],
						[-76.65127, 37.47312],
						[-76.65248, 37.47236],
						[-76.65552, 37.47381],
						[-76.65403, 37.47152],
						[-76.6551, 37.4687],
						[-76.66207, 37.46248],
						[-76.66215, 37.4578],
						[-76.66742, 37.45553],
						[-76.66924, 37.45616],
						[-76.67045, 37.45978],
						[-76.67399, 37.46132],
						[-76.68528, 37.45338],
						[-76.68701, 37.44788],
						[-76.69123, 37.44758],
						[-76.69907, 37.45097],
						[-76.70214, 37.45052],
						[-76.70472, 37.44803],
						[-76.70333, 37.44463],
						[-76.70413, 37.44054],
						[-76.71231, 37.43131],
						[-76.72759, 37.44416],
						[-76.73296, 37.45023],
						[-76.75169, 37.48394],
						[-76.76454, 37.49356],
						[-76.78952, 37.50386],
						[-76.79085, 37.50576],
						[-76.79218, 37.51759],
						[-76.78659, 37.52236],
						[-76.78631, 37.52756],
						[-76.78868, 37.53717],
						[-76.77883, 37.54605],
						[-76.77713, 37.55071],
						[-76.78525, 37.56907],
						[-76.79631, 37.57055],
						[-76.79958, 37.57359],
						[-76.79383, 37.58418],
						[-76.79566, 37.58934],
						[-76.80039, 37.59129],
						[-76.81429, 37.58898],
						[-76.82299, 37.59155],
						[-76.82597, 37.59378],
						[-76.82584, 37.59732],
						[-76.82211, 37.59993],
						[-76.81673, 37.60051],
						[-76.81444, 37.60238],
						[-76.8147, 37.60421],
						[-76.81918, 37.60598],
						[-76.82884, 37.60544],
						[-76.83336, 37.60699],
						[-76.83883, 37.61681],
						[-76.841, 37.61752],
						[-76.85227, 37.61338],
						[-76.86818, 37.61776],
						[-76.87027, 37.62291],
						[-76.85794, 37.62748],
						[-76.85477, 37.63292],
						[-76.85584, 37.63617],
						[-76.88049, 37.65713],
						[-76.88752, 37.65759],
						[-76.90276, 37.65421],
						[-76.91238, 37.65678],
						[-76.91332, 37.65958],
						[-76.906, 37.67047],
						[-76.90627, 37.67265],
						[-76.91601, 37.6847],
						[-76.91559, 37.69333],
						[-76.91673, 37.6953],
						[-76.9275, 37.69049],
						[-76.93609, 37.68921],
						[-76.95641, 37.68806],
						[-76.96694, 37.68978],
						[-76.97027, 37.69292],
						[-76.97087, 37.70231],
						[-76.9751, 37.7084],
						[-76.9824, 37.706],
						[-76.98806, 37.70599],
						[-77.00063, 37.70854],
						[-77.00811, 37.71546],
						[-77.01038, 37.7219],
						[-77.01246, 37.72279],
						[-77.02555, 37.72303],
						[-77.03519, 37.72095],
						[-77.03627, 37.72512],
						[-77.04925, 37.73432],
						[-77.05395, 37.74405],
						[-77.05813, 37.74575],
						[-77.0594, 37.74951],
						[-77.07371, 37.74955],
						[-77.0822, 37.74713],
						[-77.08954, 37.75519],
						[-77.08026, 37.76563],
						[-77.07695, 37.76439],
						[-77.07434, 37.76733],
						[-77.0756, 37.76979],
						[-77.07372, 37.77323],
						[-77.07678, 37.77805],
						[-77.08128, 37.77761],
						[-77.08047, 37.77943],
						[-77.08255, 37.78133],
						[-77.09385, 37.78151],
						[-77.09662, 37.78416],
						[-77.09924, 37.7834],
						[-77.09939, 37.78551],
						[-77.10311, 37.78603],
						[-77.10351, 37.78944],
						[-77.10678, 37.79427],
						[-77.10649, 37.79892],
						[-77.10459, 37.80091],
						[-77.09248, 37.80222],
						[-77.09346, 37.81007],
						[-77.10004, 37.8134],
						[-77.10179, 37.81201],
						[-77.10414, 37.81255],
						[-77.10589, 37.80997],
						[-77.1093, 37.81051],
						[-77.11408, 37.80481],
						[-77.11653, 37.80612],
						[-77.11551, 37.80707],
						[-77.11699, 37.80833],
						[-77.12084, 37.80763],
						[-77.11586, 37.81484],
						[-77.11892, 37.81707],
						[-77.1209, 37.82303],
						[-77.12645, 37.82664],
						[-77.12172, 37.83172],
						[-77.1212, 37.83362],
						[-77.12296, 37.83422],
						[-77.12117, 37.83536],
						[-77.12204, 37.83804],
						[-77.1306, 37.84096],
						[-77.13223, 37.84322],
						[-77.13095, 37.84645],
						[-77.13978, 37.85204],
						[-77.14131, 37.85613],
						[-77.13969, 37.86029],
						[-77.13513, 37.86127],
						[-77.13319, 37.86541],
						[-77.13824, 37.8672],
						[-77.14736, 37.86458],
						[-77.14719, 37.86599],
						[-77.15501, 37.86938],
						[-77.16015, 37.86552],
						[-77.16359, 37.86581],
						[-77.16498, 37.868],
						[-77.1632, 37.87248],
						[-77.15416, 37.87304],
						[-77.15058, 37.87483],
						[-77.149, 37.8769],
						[-77.1495, 37.88206],
						[-77.15356, 37.88294],
						[-77.15584, 37.88081],
						[-77.16414, 37.88341],
						[-77.16532, 37.88634],
						[-77.16316, 37.8879],
						[-77.16251, 37.89152],
						[-77.16924, 37.89566],
						[-77.16967, 37.89736],
						[-77.171, 37.89493],
						[-77.17328, 37.89525],
						[-77.17247, 37.8914],
						[-77.17654, 37.89267],
						[-77.17622, 37.89127],
						[-77.17912, 37.89153],
						[-77.17879, 37.88912],
						[-77.18078, 37.88989],
						[-77.17971, 37.89745],
						[-77.18156, 37.89883],
						[-77.18689, 37.89842],
						[-77.18696, 37.90104]
					]
				]
			}
		},
		{
			"type": "Feature",
			"properties": {
				"geoid": "51099",
				"name": "King George",
				"namelsad": "King George County",
				"served": false
			},
			"geometry": {
				"type": "Polygon",
				"coordinates": [
					[
						[-77.34744, 38.27224],
						[-77.33982, 38.28537],
						[-77.33929, 38.30314],
						[-77.32668, 38.31903],
						[-77.33009, 38.33401],
						[-77.32158, 38.33814],
						[-77.32092, 38.34608],
						[-77.2871, 38.3488],
						[-77.26455, 38.33244],
						[-77.2401, 38.33099],
						[-77.18018, 38.3411],
						[-77.16269, 38.34599],
						[-77.13822, 38.36792],
						[-77.08481, 38.3683],
						[-77.05678, 38.3962],
						[-77.04353, 38.40055],
						[-77.01183, 38.37455],
						[-77.01491, 38.33276],
						[-77.02277, 38.32286],
						[-77.05779, 38.32056],
						[-77.04293, 38.30947],
						[-77.02884, 38.31088],
						[-77.001, 38.27613],
						[-77.02819, 38.26853],
						[-77.03467, 38.25873],
						[-77.04454, 38.26045],
						[-77.04848, 38.18244],
						[-77.06429, 38.17167],
						[-77.0617, 38.16163],
						[-77.0693, 38.15773],
						[-77.0669, 38.14763],
						[-77.0738, 38.14133],
						[-77.0826, 38.14683],
						[-77.0846, 38.16023],
						[-77.0948, 38.16163],
						[-77.1187, 38.15023],
						[-77.1275, 38.16153],
						[-77.1453, 38.16873],
						[-77.1689, 38.16523],
						[-77.1819, 38.17073],
						[-77.2198, 38.19963],
						[-77.2318, 38.19803],
						[-77.2319, 38.18663],
						[-77.2537, 38.18913],
						[-77.2418, 38.21283],
						[-77.2518, 38.22963],
						[-77.22619, 38.23617],
						[-77.22469, 38.24221],
						[-77.251, 38.25103],
						[-77.2706, 38.24983],
						[-77.2772, 38.24243],
						[-77.277, 38.22723],
						[-77.2914, 38.22373],
						[-77.2914, 38.24083],
						[-77.31073, 38.23487],
						[-77.3451, 38.26147],
						[-77.34744, 38.27224]
					]
				]
			}
		},
		{
			"type": "Feature",
			"properties": {
				"geoid": "51101",
				"name": "King William",
				"namelsad": "King William County",
				"served": true
			},
			"geometry": {
				"type": "Polygon",
				"coordinates": [
					[
						[-77.34557, 37.7922],
						[-77.33306, 37.80148],
						[-77.33012, 37.80574],
						[-77.30637, 37.8224],
						[-77.29073, 37.83626],
						[-77.28758, 37.84388],
						[-77.28029, 37.84361],
						[-77.26218, 37.86395],
						[-77.25027, 37.87243],
						[-77.24705, 37.88022],
						[-77.2485, 37.88609],
						[-77.24316, 37.90024],
						[-77.24556, 37.90435],
						[-77.24168, 37.90955],
						[-77.2358, 37.91004],
						[-77.23079, 37.90733],
						[-77.22778, 37.90177],
						[-77.2283, 37.89992],
						[-77.22652, 37.89866],
						[-77.22321, 37.90268],
						[-77.22081, 37.90243],
						[-77.22035, 37.90367],
						[-77.21162, 37.90122],
						[-77.2106, 37.89789],
						[-77.21632, 37.89132],
						[-77.20883, 37.88571],
						[-77.2046, 37.88682],
						[-77.20513, 37.88867],
						[-77.20872, 37.88907],
						[-77.2069, 37.89099],
						[-77.20509, 37.89037],
						[-77.20545, 37.89189],
						[-77.20083, 37.89109],
						[-77.19784, 37.88837],
						[-77.19209, 37.89177],
						[-77.18797, 37.89178],
						[-77.1864, 37.8895],
						[-77.18249, 37.89213],
						[-77.17879, 37.88912],
						[-77.17912, 37.89153],
						[-77.17622, 37.89127],
						[-77.17654, 37.89267],
						[-77.17247, 37.8914],
						[-77.17328, 37.89525],
						[-77.171, 37.89493],
						[-77.16967, 37.89736],
						[-77.16924, 37.89566],
						[-77.16251, 37.89152],
						[-77.16316, 37.8879],
						[-77.16532, 37.88634],
						[-77.16414, 37.88341],
						[-77.15584, 37.88081],
						[-77.15356, 37.88294],
						[-77.1495, 37.88206],
						[-77.14859, 37.88025],
						[-77.15058, 37.87483],
						[-77.15416, 37.87304],
						[-77.1632, 37.87248],
						[-77.16498, 37.868],
						[-77.16359, 37.86581],
						[-77.16015, 37.86552],
						[-77.15501, 37.86938],
						[-77.14719, 37.86599],
						[-77.14736, 37.86458],
						[-77.13824, 37.8672],
						[-77.13319, 37.86541],
						[-77.13513, 37.86127],
						[-77.13969, 37.86029],
						[-77.14131, 37.85613],
						[-77.13978, 37.85204],
						[-77.13095, 37.84645],
						[-77.13223, 37.84322],
						[-77.1306, 37.84096],
						[-77.12204, 37.83804],
						[-77.12117, 37.83536],
						[-77.12296, 37.83422],
						[-77.1212, 37.83362],
						[-77.12172, 37.83172],
						[-77.12645, 37.82664],
						[-77.1209, 37.82303],
						[-77.11892, 37.81707],
						[-77.11586, 37.81484],
						[-77.12084, 37.80763],
						[-77.11699, 37.80833],
						[-77.11551, 37.80707],
						[-77.11653, 37.80612],
						[-77.11408, 37.80481],
						[-77.1093, 37.81051],
						[-77.10589, 37.80997],
						[-77.10414, 37.81255],
						[-77.10179, 37.81201],
						[-77.10004, 37.8134],
						[-77.09303, 37.8094],
						[-77.09248, 37.80222],
						[-77.10459, 37.80091],
						[-77.10649, 37.79892],
						[-77.10678, 37.79427],
						[-77.10351, 37.78944],
						[-77.10311, 37.78603],
						[-77.09939, 37.78551],
						[-77.09924, 37.7834],
						[-77.09662, 37.78416],
						[-77.09385, 37.78151],
						[-77.08255, 37.78133],
						[-77.08047, 37.77943],
						[-77.08128, 37.77761],
						[-77.07678, 37.77805],
						[-77.07372, 37.77323],
						[-77.0756, 37.76979],
						[-77.07434, 37.76733],
						[-77.07695, 37.76439],
						[-77.08026, 37.76563],
						[-77.08954, 37.75519],
						[-77.0822, 37.74713],
						[-77.07371, 37.74955],
						[-77.0594, 37.74951],
						[-77.05813, 37.74575],
						[-77.05395, 37.74405],
						[-77.04925, 37.73432],
						[-77.03627, 37.72512],
						[-77.03519, 37.72095],
						[-77.02555, 37.72303],
						[-77.01246, 37.72279],
						[-77.01038, 37.7219],
						[-77.00811, 37.71546],
						[-77.00063, 37.70854],
						[-76.98806, 37.70599],
						[-76.9824, 37.706],
						[-76.9751, 37.7084],
						[-76.97087, 37.70231],
						[-76.97027, 37.69292],
						[-76.96694, 37.68978],
						[-76.95641, 37.68806],
						[-76.93609, 37.68921],
						[-76.9275, 37.69049],
						[-76.91673, 37.6953],
						[-76.91559, 37.69333],
						[-76.91601, 37.6847],
						[-76.90627, 37.67265],
						[-76.906, 37.67047],
						[-76.91332, 37.65958],
						[-76.91238, 37.65678],
						[-76.90276, 37.65421],
						[-76.88752, 37.65759],
						[-76.88049, 37.65713],
						[-76.85584, 37.63617],
						[-76.85477, 37.63292],
						[-76.85794, 37.62748],
						[-76.87027, 37.62291],
						[-76.86818, 37.61776],
						[-76.85227, 37.61338],
						[-76.841, 37.61752],
						[-76.83883, 37.61681],
						[-76.83336, 37.60699],
						[-76.82884, 37.60544],
						[-76.81918, 37.60598],
						[-76.8147, 37.60421],
						[-76.81444, 37.60238],
						[-76.81673, 37.60051],
						[-76.82211, 37.59993],
						[-76.82584, 37.59732],
						[-76.82597, 37.59378],
						[-76.82299, 37.59155],
						[-76.81429, 37.58898],
						[-76.80039, 37.59129],
						[-76.79566, 37.58934],
						[-76.79383, 37.58418],
						[-76.79958, 37.57359],
						[-76.79631, 37.57055],
						[-76.78525, 37.56907],
						[-76.77713, 37.55071],
						[-76.77883, 37.54605],
						[-76.78868, 37.53717],
						[-76.78631, 37.52756],
						[-76.78659, 37.52236],
						[-76.79218, 37.51759],
						[-76.79618, 37.51994],
						[-76.80603, 37.53101],
						[-76.81804, 37.55047],
						[-76.82406, 37.55236],
						[-76.82693, 37.55089],
						[-76.83194, 37.54101],
						[-76.851, 37.52608],
						[-76.85736, 37.5229],
						[-76.86488, 37.52366],
						[-76.87776, 37.53038],
						[-76.8767, 37.53642],
						[-76.86378, 37.54915],
						[-76.85399, 37.56966],
						[-76.85401, 37.57494],
						[-76.85624, 37.5782],
						[-76.86848, 37.58138],
						[-76.88201, 37.5765],
						[-76.88251, 37.57389],
						[-76.88014, 37.56799],
						[-76.87324, 37.55755],
						[-76.87314, 37.55506],
						[-76.8759, 37.55185],
						[-76.89386, 37.54567],
						[-76.90201, 37.54671],
						[-76.9057, 37.55019],
						[-76.90314, 37.55798],
						[-76.90313, 37.56579],
						[-76.9072, 37.56862],
						[-76.91703, 37.56956],
						[-76.93731, 37.56312],
						[-76.94271, 37.55955],
						[-76.94421, 37.5388],
						[-76.94711, 37.53552],
						[-76.97397, 37.54125],
						[-76.9763, 37.54476],
						[-76.97394, 37.54724],
						[-76.95981, 37.55367],
						[-76.95676, 37.55703],
						[-76.9551, 37.56381],
						[-76.95706, 37.57191],
						[-76.9613, 37.57622],
						[-76.96531, 37.58499],
						[-76.97607, 37.58593],
						[-76.99269, 37.58091],
						[-76.99388, 37.57854],
						[-76.99181, 37.5768],
						[-76.98257, 37.57397],
						[-76.98076, 37.57134],
						[-76.98116, 37.56711],
						[-76.98401, 37.56514],
						[-76.99354, 37.56435],
						[-77.00008, 37.56181],
						[-77.01664, 37.56584],
						[-77.02583, 37.57345],
						[-77.02592, 37.57542],
						[-77.01901, 37.58347],
						[-77.03227, 37.5861],
						[-77.03617, 37.58556],
						[-77.054, 37.59884],
						[-77.06722, 37.60392],
						[-77.06947, 37.60278],
						[-77.07089, 37.59769],
						[-77.07279, 37.5969],
						[-77.07945, 37.59643],
						[-77.08416, 37.59836],
						[-77.09101, 37.60413],
						[-77.0922, 37.6078],
						[-77.08964, 37.61822],
						[-77.09797, 37.61734],
						[-77.10573, 37.62423],
						[-77.12032, 37.62476],
						[-77.127, 37.63039],
						[-77.12959, 37.63556],
						[-77.1251, 37.63723],
						[-77.11531, 37.63597],
						[-77.11416, 37.63767],
						[-77.11782, 37.64233],
						[-77.10911, 37.65382],
						[-77.10796, 37.6587],
						[-77.11041, 37.66369],
						[-77.11973, 37.66],
						[-77.134, 37.66293],
						[-77.13743, 37.66707],
						[-77.13918, 37.66522],
						[-77.14173, 37.66528],
						[-77.14056, 37.66828],
						[-77.14369, 37.66947],
						[-77.14371, 37.67241],
						[-77.14756, 37.67516],
						[-77.14862, 37.67472],
						[-77.14626, 37.66691],
						[-77.14727, 37.66432],
						[-77.15209, 37.66384],
						[-77.1547, 37.66839],
						[-77.15601, 37.66542],
						[-77.1608, 37.66584],
						[-77.16274, 37.66805],
						[-77.16638, 37.66092],
						[-77.1818, 37.65703],
						[-77.18667, 37.65771],
						[-77.19189, 37.66632],
						[-77.18213, 37.67401],
						[-77.18474, 37.67583],
						[-77.18263, 37.67977],
						[-77.1846, 37.68696],
						[-77.18866, 37.68675],
						[-77.19453, 37.69065],
						[-77.19922, 37.68979],
						[-77.20215, 37.68635],
						[-77.20081, 37.68292],
						[-77.20239, 37.67858],
						[-77.20661, 37.67695],
						[-77.21281, 37.67818],
						[-77.21278, 37.68143],
						[-77.20863, 37.68372],
						[-77.21064, 37.68725],
						[-77.21454, 37.68896],
						[-77.23467, 37.68522],
						[-77.24158, 37.68679],
						[-77.24183, 37.68877],
						[-77.23971, 37.6887],
						[-77.23678, 37.69229],
						[-77.24386, 37.69919],
						[-77.23586, 37.70583],
						[-77.23034, 37.71394],
						[-77.23549, 37.71774],
						[-77.23366, 37.72061],
						[-77.23467, 37.72427],
						[-77.23662, 37.72648],
						[-77.24045, 37.72536],
						[-77.24382, 37.72662],
						[-77.2423, 37.72793],
						[-77.24397, 37.73033],
						[-77.24821, 37.73009],
						[-77.24978, 37.72729],
						[-77.24852, 37.72546],
						[-77.25179, 37.72216],
						[-77.24695, 37.72063],
						[-77.24713, 37.71897],
						[-77.24969, 37.71833],
						[-77.24565, 37.71576],
						[-77.24373, 37.71216],
						[-77.24599, 37.71016],
						[-77.24888, 37.70921],
						[-77.25987, 37.71363],
						[-77.26305, 37.71976],
						[-77.27016, 37.72343],
						[-77.27397, 37.721],
						[-77.27957, 37.71384],
						[-77.28916, 37.71515],
						[-77.29197, 37.71396],
						[-77.29354, 37.71984],
						[-77.29718, 37.72427],
						[-77.29724, 37.72994],
						[-77.29359, 37.73446],
						[-77.29398, 37.73991],
						[-77.30585, 37.73509],
						[-77.31751, 37.73355],
						[-77.32251, 37.73432],
						[-77.32064, 37.73683],
						[-77.32095, 37.74328],
						[-77.31411, 37.74432],
						[-77.30802, 37.7413],
						[-77.30376, 37.74443],
						[-77.30122, 37.75129],
						[-77.30412, 37.7553],
						[-77.31595, 37.75298],
						[-77.32171, 37.75529],
						[-77.33079, 37.75312],
						[-77.33441, 37.75464],
						[-77.33846, 37.76318],
						[-77.33739, 37.76481],
						[-77.33168, 37.76795],
						[-77.32329, 37.76752],
						[-77.32182, 37.7698],
						[-77.32968, 37.77795],
						[-77.32841, 37.77983],
						[-77.33001, 37.78338],
						[-77.32951, 37.78916],
						[-77.33175, 37.792],
						[-77.34522, 37.78928],
						[-77.34557, 37.7922]
					]
				]
			}
		},
		{
			"type": "Feature",
			"properties": {
				"geoid": "51103",
				"name": "Lancaster",
				"namelsad": "Lancaster County",
				"served": false
			},
			"geometry": {
				"type": "Polygon",
				"coordinates": [
					[
						[-76.63423, 37.79053],
						[-76.62545, 37.79619],
						[-76.6298, 37.80522],
						[-76.60847, 37.80586],
						[-76.59175, 37.81535],
						[-76.58564, 37.81182],
						[-76.58145, 37.82015],
						[-76.58555, 37.82372],
						[-76.56473, 37.83729],
						[-76.50783, 37.83881],
						[-76.50811, 37.83328],
						[-76.49484, 37.8412],
						[-76.47764, 37.83739],
						[-76.4604, 37.82036],
						[-76.42964, 37.82904],
						[-76.41873, 37.82293],
						[-76.41955, 37.80639],
						[-76.40106, 37.78025],
						[-76.38192, 37.77953],
						[-76.36443, 37.76852],
						[-76.36907, 37.75825],
						[-76.36184, 37.73679],
						[-76.37613, 37.7132],
						[-76.34966, 37.70085],
						[-76.32514, 37.67485],
						[-76.33989, 37.65597],
						[-76.33256, 37.64582],
						[-76.3318, 37.62978],
						[-76.31979, 37.62696],
						[-76.31088, 37.63289],
						[-76.31433, 37.64089],
						[-76.30589, 37.64108],
						[-76.29253, 37.6361],
						[-76.28008, 37.61514],
						[-76.30862, 37.62461],
						[-76.32205, 37.62009],
						[-76.34368, 37.62376],
						[-76.35711, 37.61849],
						[-76.36189, 37.60902],
						[-76.38574, 37.62911],
						[-76.40329, 37.62736],
						[-76.43976, 37.65243],
						[-76.45548, 37.65107],
						[-76.47239, 37.66577],
						[-76.45432, 37.6772],
						[-76.4687, 37.69573],
						[-76.48712, 37.68539],
						[-76.47785, 37.67777],
						[-76.50186, 37.6582],
						[-76.49486, 37.65307],
						[-76.49756, 37.64706],
						[-76.51019, 37.64232],
						[-76.53419, 37.66094],
						[-76.53723, 37.69889],
						[-76.56955, 37.7344],
						[-76.58429, 37.77086],
						[-76.60202, 37.77273],
						[-76.62058, 37.78783],
						[-76.63423, 37.79053]
					]
				]
			}
		},
		{
			"type": "Feature",
			"properties": {
				"geoid": "51109",
				"name": "Louisa",
				"namelsad": "Louisa County",
				"served": false
			},
			"geometry": {
				"type": "Polygon",
				"coordinates": [
					[
						[-78.29318, 38.02099],
						[-78.25399, 38.06281],
						[-78.20938, 38.13113],
						[-78.17142, 38.12969],
						[-78.14434, 38.143],
						[-78.11656, 38.14005],
						[-78.10175, 38.15257],
						[-78.04788, 38.13588],
						[-78.0246, 38.13659],
						[-78.0217, 38.14216],
						[-78.00216, 38.13857],
						[-77.98032, 38.1195],
						[-77.94705, 38.12004],
						[-77.92974, 38.11373],
						[-77.91672, 38.11834],
						[-77.90182, 38.10814],
						[-77.88842, 38.11314],
						[-77.85612, 38.09984],
						[-77.85122, 38.10434],
						[-77.84702, 38.09844],
						[-77.83822, 38.10624],
						[-77.81112, 38.07969],
						[-77.78661, 38.07604],
						[-77.78421, 38.06314],
						[-77.76851, 38.05174],
						[-77.74521, 38.05084],
						[-77.74821, 38.04214],
						[-77.74091, 38.03774],
						[-77.74791, 38.03764],
						[-77.74691, 38.02364],
						[-77.73951, 38.03304],
						[-77.73231, 38.03164],
						[-77.73131, 38.02124],
						[-77.72221, 38.02324],
						[-77.71189, 38.01272],
						[-77.68729, 38.00801],
						[-77.75485, 37.84149],
						[-77.75963, 37.81186],
						[-77.7682, 37.80296],
						[-77.79681, 37.73061],
						[-77.8183, 37.7462],
						[-77.8592, 37.75405],
						[-77.85797, 37.75952],
						[-77.86417, 37.75427],
						[-77.88181, 37.75721],
						[-77.89248, 37.76955],
						[-77.9091, 37.77628],
						[-77.90768, 37.79203],
						[-77.8974, 37.80455],
						[-77.90567, 37.8087],
						[-77.90718, 37.82189],
						[-77.94623, 37.84324],
						[-77.94686, 37.85265],
						[-77.99082, 37.85752],
						[-77.98764, 37.86458],
						[-77.99905, 37.87389],
						[-78.05556, 37.90485],
						[-78.17393, 37.9502],
						[-78.19303, 37.95244],
						[-78.23018, 37.97855],
						[-78.30676, 38.00647],
						[-78.29318, 38.02099]
					]
				]
			}
		},
		{
			"type": "Feature",
			"properties": {
				"geoid": "51115",
				"name": "Mathews",
				"namelsad": "Mathews County",
				"served": false
			},
			"geometry": {
				"type": "Polygon",
				"coordinates": [
					[
						[-76.4502, 37.48624],
						[-76.43756, 37.51436],
						[-76.41356, 37.51294],
						[-76.40412, 37.53554],
						[-76.36077, 37.52836],
						[-76.3564, 37.50808],
						[-76.33363, 37.5028],
						[-76.32329, 37.48534],
						[-76.31091, 37.4871],
						[-76.31555, 37.48995],
						[-76.29774, 37.50686],
						[-76.29765, 37.51542],
						[-76.28104, 37.50782],
						[-76.27302, 37.48477],
						[-76.28676, 37.48687],
						[-76.29258, 37.49498],
						[-76.31029, 37.49111],
						[-76.27951, 37.4747],
						[-76.2807, 37.46584],
						[-76.2561, 37.45263],
						[-76.2479, 37.3944],
						[-76.24908, 37.3758],
						[-76.27468, 37.34962],
						[-76.27093, 37.34103],
						[-76.27599, 37.33545],
						[-76.27146, 37.32954],
						[-76.27621, 37.31083],
						[-76.28814, 37.32232],
						[-76.30858, 37.32937],
						[-76.31378, 37.34546],
						[-76.32065, 37.34411],
						[-76.33779, 37.36577],
						[-76.38525, 37.38434],
						[-76.39899, 37.41676],
						[-76.41289, 37.41808],
						[-76.41453, 37.41359],
						[-76.44794, 37.42006],
						[-76.45022, 37.43022],
						[-76.44426, 37.43911],
						[-76.44872, 37.44814],
						[-76.44214, 37.45285],
						[-76.4502, 37.48624]
					]
				]
			}
		},
		{
			"type": "Feature",
			"properties": {
				"geoid": "51119",
				"name": "Middlesex",
				"namelsad": "Middlesex County",
				"served": false
			},
			"geometry": {
				"type": "Polygon",
				"coordinates": [
					[
						[-76.75107, 37.72861],
						[-76.72309, 37.7567],
						[-76.7128, 37.76038],
						[-76.70307, 37.75571],
						[-76.68291, 37.77046],
						[-76.677, 37.7561],
						[-76.61666, 37.74189],
						[-76.62319, 37.73935],
						[-76.61923, 37.73092],
						[-76.59721, 37.71727],
						[-76.59787, 37.70292],
						[-76.57935, 37.67329],
						[-76.58968, 37.66582],
						[-76.57384, 37.65644],
						[-76.57673, 37.64748],
						[-76.54267, 37.61686],
						[-76.52719, 37.61131],
						[-76.43339, 37.61288],
						[-76.43067, 37.59947],
						[-76.43745, 37.59693],
						[-76.42342, 37.59222],
						[-76.4286, 37.58746],
						[-76.42509, 37.5844],
						[-76.38512, 37.57301],
						[-76.33264, 37.57004],
						[-76.29796, 37.55764],
						[-76.31191, 37.5464],
						[-76.33065, 37.54711],
						[-76.33113, 37.52546],
						[-76.33239, 37.54135],
						[-76.33833, 37.54305],
						[-76.33999, 37.53833],
						[-76.35877, 37.53664],
						[-76.36077, 37.52836],
						[-76.40412, 37.53554],
						[-76.41093, 37.51629],
						[-76.4199, 37.5103],
						[-76.45626, 37.52093],
						[-76.48122, 37.53622],
						[-76.49916, 37.53687],
						[-76.50727, 37.54751],
						[-76.52365, 37.54858],
						[-76.54794, 37.56788],
						[-76.55593, 37.55505],
						[-76.55907, 37.56135],
						[-76.57353, 37.56295],
						[-76.57493, 37.57379],
						[-76.59577, 37.58808],
						[-76.61248, 37.5819],
						[-76.61174, 37.59029],
						[-76.6232, 37.58602],
						[-76.63697, 37.59084],
						[-76.68227, 37.61724],
						[-76.70645, 37.64508],
						[-76.70677, 37.65283],
						[-76.71841, 37.65844],
						[-76.7282, 37.67559],
						[-76.72532, 37.69201],
						[-76.73208, 37.68807],
						[-76.74725, 37.70577],
						[-76.75107, 37.72861]
					]
				]
			}
		},
		{
			"type": "Feature",
			"properties": {
				"geoid": "51127",
				"name": "New Kent",
				"namelsad": "New Kent County",
				"served": true
			},
			"geometry": {
				"type": "Polygon",
				"coordinates": [
					[
						[-77.24099, 37.53809],
						[-77.23872, 37.53856],
						[-77.23395, 37.54686],
						[-77.2218, 37.55044],
						[-77.21221, 37.56086],
						[-77.21062, 37.56452],
						[-77.17094, 37.59652],
						[-77.1508, 37.5916],
						[-77.14319, 37.59101],
						[-77.14036, 37.59223],
						[-77.13964, 37.60518],
						[-77.13572, 37.6058],
						[-77.13268, 37.60924],
						[-77.13812, 37.61579],
						[-77.13347, 37.61983],
						[-77.13494, 37.6217],
						[-77.1338, 37.62641],
						[-77.12733, 37.62634],
						[-77.1266, 37.62455],
						[-77.12368, 37.62688],
						[-77.11745, 37.62389],
						[-77.10573, 37.62423],
						[-77.09797, 37.61734],
						[-77.08964, 37.61822],
						[-77.0922, 37.6078],
						[-77.09101, 37.60413],
						[-77.08416, 37.59836],
						[-77.07945, 37.59643],
						[-77.07279, 37.5969],
						[-77.07089, 37.59769],
						[-77.06947, 37.60278],
						[-77.06722, 37.60392],
						[-77.0482, 37.59567],
						[-77.03617, 37.58556],
						[-77.03227, 37.5861],
						[-77.01901, 37.58347],
						[-77.02592, 37.57542],
						[-77.02583, 37.57345],
						[-77.01916, 37.56742],
						[-77.01073, 37.56384],
						[-77.00008, 37.56181],
						[-76.99354, 37.56435],
						[-76.98401, 37.56514],
						[-76.98116, 37.56711],
						[-76.98076, 37.57134],
						[-76.98257, 37.57397],
						[-76.99181, 37.5768],
						[-76.99388, 37.57854],
						[-76.99269, 37.58091],
						[-76.97607, 37.58593],
						[-76.96531, 37.58499],
						[-76.9559, 37.56902],
						[-76.9551, 37.56381],
						[-76.95676, 37.55703],
						[-76.95981, 37.55367],
						[-76.97394, 37.54724],
						[-76.9763, 37.54476],
						[-76.97397, 37.54125],
						[-76.95297, 37.53578],
						[-76.94531, 37.53657],
						[-76.94316, 37.54458],
						[-76.94345, 37.55711],
						[-76.94271, 37.55955],
						[-76.93731, 37.56312],
						[-76.92155, 37.56894],
						[-76.9072, 37.56862],
						[-76.90256, 37.56381],
						[-76.90526, 37.54896],
						[-76.8994, 37.54565],
						[-76.89386, 37.54567],
						[-76.8759, 37.55185],
						[-76.87314, 37.55506],
						[-76.87324, 37.55755],
						[-76.88014, 37.56799],
						[-76.88251, 37.57389],
						[-76.88201, 37.5765],
						[-76.86978, 37.58125],
						[-76.85843, 37.57954],
						[-76.85401, 37.57494],
						[-76.85399, 37.56966],
						[-76.86378, 37.54915],
						[-76.8767, 37.53642],
						[-76.87776, 37.53038],
						[-76.86488, 37.52366],
						[-76.85736, 37.5229],
						[-76.851, 37.52608],
						[-76.83194, 37.54101],
						[-76.82693, 37.55089],
						[-76.82108, 37.55204],
						[-76.81522, 37.547],
						[-76.79984, 37.52312],
						[-76.79218, 37.51759],
						[-76.79146, 37.50834],
						[-76.78952, 37.50386],
						[-76.77219, 37.49758],
						[-76.7568, 37.48833],
						[-76.74968, 37.48158],
						[-76.74198, 37.46708],
						[-76.75679, 37.46171],
						[-76.75765, 37.45951],
						[-76.75638, 37.45643],
						[-76.76026, 37.45869],
						[-76.76047, 37.45253],
						[-76.76346, 37.4542],
						[-76.7657, 37.4515],
						[-76.76243, 37.45072],
						[-76.75799, 37.4455],
						[-76.75919, 37.44465],
						[-76.76154, 37.44647],
						[-76.76199, 37.44441],
						[-76.75917, 37.4444],
						[-76.76585, 37.44026],
						[-76.76363, 37.43822],
						[-76.76443, 37.43695],
						[-76.76816, 37.43923],
						[-76.7673, 37.43811],
						[-76.77028, 37.43499],
						[-76.77164, 37.43525],
						[-76.77035, 37.43861],
						[-76.77263, 37.43834],
						[-76.77438, 37.43472],
						[-76.77689, 37.43392],
						[-76.7773, 37.43573],
						[-76.78655, 37.43805],
						[-76.79235, 37.43545],
						[-76.80816, 37.44551],
						[-76.82413, 37.45073],
						[-76.82695, 37.44889],
						[-76.85627, 37.44805],
						[-76.85997, 37.44683],
						[-76.86525, 37.44205],
						[-76.87602, 37.4404],
						[-76.88705, 37.43287],
						[-76.89206, 37.43242],
						[-76.89526, 37.42819],
						[-76.89038, 37.42004],
						[-76.89467, 37.41488],
						[-76.89315, 37.40964],
						[-76.8951, 37.40682],
						[-76.89415, 37.40023],
						[-76.89797, 37.39955],
						[-76.89817, 37.39574],
						[-76.90053, 37.39589],
						[-76.90037, 37.39212],
						[-76.89719, 37.39217],
						[-76.89241, 37.38795],
						[-76.89216, 37.38338],
						[-76.89831, 37.38253],
						[-76.89863, 37.38585],
						[-76.9002, 37.38576],
						[-76.90447, 37.37767],
						[-76.91885, 37.38552],
						[-76.91732, 37.3892],
						[-76.90822, 37.39086],
						[-76.90637, 37.39261],
						[-76.90492, 37.40491],
						[-76.90806, 37.40508],
						[-76.91101, 37.39952],
						[-76.91674, 37.39538],
						[-76.92761, 37.39957],
						[-76.93118, 37.39631],
						[-76.93329, 37.38799],
						[-76.94252, 37.38324],
						[-76.94485, 37.38394],
						[-76.9456, 37.386],
						[-76.94533, 37.39411],
						[-76.93802, 37.39953],
						[-76.93685, 37.40342],
						[-76.94083, 37.40988],
						[-76.94308, 37.41039],
						[-76.954, 37.40349],
						[-76.96882, 37.40651],
						[-76.97273, 37.41021],
						[-76.96962, 37.41674],
						[-76.982, 37.42086],
						[-76.98364, 37.41811],
						[-76.98891, 37.41496],
						[-76.99826, 37.4182],
						[-77.00765, 37.41375],
						[-77.0113, 37.41608],
						[-77.01117, 37.41741],
						[-77.01611, 37.41401],
						[-77.0236, 37.41782],
						[-77.02472, 37.42016],
						[-77.02202, 37.42134],
						[-77.02407, 37.4209],
						[-77.02668, 37.42901],
						[-77.02757, 37.42805],
						[-77.02911, 37.42933],
						[-77.02911, 37.42728],
						[-77.03123, 37.42943],
						[-77.036, 37.42688],
						[-77.03838, 37.42918],
						[-77.04477, 37.42946],
						[-77.04691, 37.43179],
						[-77.0508, 37.43216],
						[-77.06004, 37.42929],
						[-77.05952, 37.4308],
						[-77.06154, 37.43296],
						[-77.05968, 37.43489],
						[-77.06169, 37.43646],
						[-77.06649, 37.43662],
						[-77.07014, 37.43993],
						[-77.07629, 37.44129],
						[-77.07855, 37.44008],
						[-77.08639, 37.43989],
						[-77.0864, 37.44139],
						[-77.09595, 37.44027],
						[-77.10128, 37.4448],
						[-77.10065, 37.44709],
						[-77.10548, 37.44853],
						[-77.10964, 37.45283],
						[-77.11531, 37.45276],
						[-77.11907, 37.45582],
						[-77.11762, 37.45822],
						[-77.1185, 37.46156],
						[-77.12274, 37.46314],
						[-77.12687, 37.47158],
						[-77.14175, 37.46838],
						[-77.1433, 37.47053],
						[-77.14108, 37.47341],
						[-77.14198, 37.47635],
						[-77.14739, 37.47574],
						[-77.15032, 37.47729],
						[-77.15786, 37.47453],
						[-77.1608, 37.4753],
						[-77.16164, 37.47652],
						[-77.1576, 37.48584],
						[-77.16348, 37.48552],
						[-77.16665, 37.48192],
						[-77.17038, 37.48142],
						[-77.17126, 37.48724],
						[-77.17678, 37.48869],
						[-77.17751, 37.49134],
						[-77.18863, 37.4987],
						[-77.18816, 37.50022],
						[-77.19194, 37.50124],
						[-77.19398, 37.50754],
						[-77.20317, 37.51304],
						[-77.20701, 37.51345],
						[-77.20624, 37.51598],
						[-77.2087, 37.5163],
						[-77.21251, 37.52323],
						[-77.22025, 37.52722],
						[-77.22124, 37.53323],
						[-77.22651, 37.53387],
						[-77.23185, 37.53964],
						[-77.24099, 37.53809]
					]
				]
			}
		},
		{
			"type": "Feature",
			"properties": {
				"geoid": "51131",
				"name": "Northampton",
				"namelsad": "Northampton County",
				"served": false
			},
			"geometry": {
				"type": "Polygon",
				"coordinates": [
					[
						[-75.98103, 37.09714],
						[-75.96205, 37.1075],
						[-75.94289, 37.09804],
						[-75.9449, 37.08803],
						[-75.9672, 37.0846],
						[-75.98103, 37.09714]
					],
					[
						[-76.0248, 37.26269],
						[-76.013, 37.27944],
						[-76.01181, 37.29741],
						[-76.02155, 37.30051],
						[-76.0149, 37.32822],
						[-75.98403, 37.36985],
						[-75.98615, 37.38212],
						[-75.97437, 37.38546],
						[-75.96831, 37.39547],
						[-75.97473, 37.40482],
						[-75.98034, 37.40274],
						[-75.97963, 37.43829],
						[-75.95845, 37.46946],
						[-75.9635, 37.47535],
						[-75.95897, 37.50013],
						[-75.93312, 37.55387],
						[-75.90041, 37.55727],
						[-75.88312, 37.54932],
						[-75.83847, 37.55542],
						[-75.78808, 37.52886],
						[-75.80543, 37.51392],
						[-75.8033, 37.50526],
						[-75.79166, 37.50381],
						[-75.79352, 37.48884],
						[-75.81261, 37.47542],
						[-75.80545, 37.46328],
						[-75.78703, 37.46458],
						[-75.77656, 37.45459],
						[-75.76391, 37.46331],
						[-75.73092, 37.46048],
						[-75.70908, 37.44856],
						[-75.66334, 37.46112],
						[-75.66206, 37.44342],
						[-75.72255, 37.36865],
						[-75.74359, 37.3285],
						[-75.77588, 37.29866],
						[-75.79291, 37.30166],
						[-75.7976, 37.29611],
						[-75.79202, 37.28198],
						[-75.79715, 37.25437],
						[-75.81854, 37.24421],
						[-75.81369, 37.2366],
						[-75.80371, 37.23863],
						[-75.80138, 37.22046],
						[-75.82928, 37.2071],
						[-75.81886, 37.20179],
						[-75.82064, 37.19299],
						[-75.89837, 37.11855],
						[-75.92101, 37.11179],
						[-75.91151, 37.12288],
						[-75.92779, 37.13027],
						[-75.97007, 37.11719],
						[-75.97818, 37.15878],
						[-76.01306, 37.20603],
						[-76.00907, 37.23224],
						[-76.0248, 37.26269]
					]
				]
			}
		},
		{
			"type": "Feature",
			"properties": {
				"geoid": "51133",
				"name": "Northumberland",
				"namelsad": "Northumberland County",
				"served": false
			},
			"geometry": {
				"type": "Polygon",
				"coordinates": [
					[
						[-76.63455, 37.96854],
						[-76.61778, 38.00041],
						[-76.58817, 38.00513],
						[-76.57269, 38.01819],
						[-76.57258, 38.02691],
						[-76.53656, 38.02094],
						[-76.53552, 38.02625],
						[-76.51624, 38.0262],
						[-76.46322, 38.0051],
						[-76.46308, 37.99632],
						[-76.47541, 37.99221],
						[-76.47285, 37.9842],
						[-76.44297, 37.98522],
						[-76.44043, 37.9768],
						[-76.42905, 37.97755],
						[-76.40796, 37.96278],
						[-76.34385, 37.94734],
						[-76.266, 37.91138],
						[-76.23696, 37.8905],
						[-76.25051, 37.83501],
						[-76.26606, 37.8174],
						[-76.28054, 37.8126],
						[-76.2849, 37.82231],
						[-76.3066, 37.82191],
						[-76.31219, 37.81412],
						[-76.30756, 37.80025],
						[-76.31647, 37.79281],
						[-76.31528, 37.782],
						[-76.30666, 37.78746],
						[-76.28555, 37.78409],
						[-76.28789, 37.77754],
						[-76.29187, 37.78294],
						[-76.30577, 37.78013],
						[-76.30809, 37.76423],
						[-76.31599, 37.76359],
						[-76.31017, 37.7527],
						[-76.31587, 37.74649],
						[-76.3072, 37.73127],
						[-76.32205, 37.737],
						[-76.32027, 37.71989],
						[-76.31266, 37.71839],
						[-76.30316, 37.70231],
						[-76.30363, 37.68943],
						[-76.3135, 37.69441],
						[-76.31254, 37.68457],
						[-76.33175, 37.68526],
						[-76.35775, 37.70659],
						[-76.3743, 37.7113],
						[-76.36184, 37.73679],
						[-76.3681, 37.77343],
						[-76.40106, 37.78025],
						[-76.41955, 37.80639],
						[-76.41873, 37.82293],
						[-76.42964, 37.82904],
						[-76.4604, 37.82036],
						[-76.47764, 37.83739],
						[-76.49484, 37.8412],
						[-76.50811, 37.83328],
						[-76.51124, 37.84965],
						[-76.54788, 37.86764],
						[-76.54107, 37.89033],
						[-76.55604, 37.93152],
						[-76.59329, 37.94844],
						[-76.60491, 37.94818],
						[-76.63455, 37.96854]
					]
				]
			}
		},
		{
			"type": "Feature",
			"properties": {
				"geoid": "51135",
				"name": "Nottoway",
				"namelsad": "Nottoway County",
				"served": false
			},
			"geometry": {
				"type": "Polygon",
				"coordinates": [
					[
						[-78.23904, 37.12515],
						[-78.23123, 37.29622],
						[-77.79593, 37.19259],
						[-77.81386, 37.16968],
						[-77.84172, 37.16984],
						[-77.87589, 37.14793],
						[-77.90034, 37.14388],
						[-77.88981, 36.98882],
						[-77.92054, 36.98273],
						[-77.95388, 36.99117],
						[-77.96811, 36.98729],
						[-78.00071, 37.02454],
						[-78.03179, 37.01446],
						[-78.05549, 37.01716],
						[-78.05952, 37.01181],
						[-78.07928, 37.01048],
						[-78.1004, 37.02519],
						[-78.10822, 37.02207],
						[-78.10896, 37.02928],
						[-78.11989, 37.03548],
						[-78.17141, 37.05452],
						[-78.17072, 37.07619],
						[-78.18879, 37.07351],
						[-78.19304, 37.08116],
						[-78.19956, 37.07788],
						[-78.20612, 37.08582],
						[-78.22429, 37.08969],
						[-78.23066, 37.09884],
						[-78.22569, 37.10723],
						[-78.23421, 37.11126],
						[-78.23904, 37.12515]
					]
				]
			}
		},
		{
			"type": "Feature",
			"properties": {
				"geoid": "51137",
				"name": "Orange",
				"namelsad": "Orange County",
				"served": false
			},
			"geometry": {
				"type": "Polygon",
				"coordinates": [
					[
						[-78.36485, 38.18928],
						[-78.28884, 38.27266],
						[-78.26772, 38.2637],
						[-78.27254, 38.25153],
						[-78.25316, 38.24011],
						[-78.25282, 38.23448],
						[-78.2211, 38.23009],
						[-78.21733, 38.24247],
						[-78.19211, 38.24559],
						[-78.17763, 38.25458],
						[-78.18234, 38.26786],
						[-78.15248, 38.26572],
						[-78.15853, 38.2743],
						[-78.14857, 38.28403],
						[-78.14582, 38.2762],
						[-78.13636, 38.28235],
						[-78.12365, 38.27879],
						[-78.12014, 38.28778],
						[-78.09614, 38.30169],
						[-78.09591, 38.31089],
						[-78.07782, 38.31629],
						[-78.06905, 38.30839],
						[-78.05382, 38.3177],
						[-78.03699, 38.31195],
						[-78.03082, 38.32776],
						[-77.99387, 38.34935],
						[-77.97573, 38.34709],
						[-77.97295, 38.35895],
						[-77.95871, 38.35366],
						[-77.91958, 38.3656],
						[-77.90749, 38.38288],
						[-77.89267, 38.38868],
						[-77.88156, 38.37848],
						[-77.81187, 38.37914],
						[-77.78169, 38.36412],
						[-77.77452, 38.36842],
						[-77.78777, 38.37662],
						[-77.77119, 38.39303],
						[-77.74507, 38.38329],
						[-77.751, 38.37776],
						[-77.74601, 38.3754],
						[-77.7339, 38.37599],
						[-77.70304, 38.36089],
						[-77.71856, 38.34189],
						[-77.71521, 38.3356],
						[-77.73933, 38.32095],
						[-77.74304, 38.30937],
						[-77.77142, 38.28807],
						[-77.77078, 38.28014],
						[-77.79109, 38.26796],
						[-77.7879, 38.26372],
						[-77.80742, 38.25558],
						[-77.81137, 38.24468],
						[-77.82774, 38.23],
						[-77.83477, 38.2313],
						[-77.85986, 38.2006],
						[-77.87742, 38.20219],
						[-77.8715, 38.19103],
						[-77.89766, 38.17113],
						[-77.90161, 38.15862],
						[-77.9203, 38.15467],
						[-77.9276, 38.13849],
						[-77.94395, 38.1284],
						[-77.94845, 38.11803],
						[-77.98401, 38.12086],
						[-78.00216, 38.13857],
						[-78.0217, 38.14216],
						[-78.0246, 38.13659],
						[-78.04788, 38.13588],
						[-78.10175, 38.15257],
						[-78.11656, 38.14005],
						[-78.14434, 38.143],
						[-78.17142, 38.12969],
						[-78.20938, 38.13113],
						[-78.36898, 38.18415],
						[-78.36485, 38.18928]
					]
				]
			}
		},
		{
			"type": "Feature",
			"properties": {
				"geoid": "51145",
				"name": "Powhatan",
				"namelsad": "Powhatan County",
				"served": false
			},
			"geometry": {
				"type": "Polygon",
				"coordinates": [
					[
						[-78.13205, 37.45469],
						[-78.08749, 37.62804],
						[-78.08947, 37.63941],
						[-78.07501, 37.65739],
						[-78.0477, 37.64341],
						[-78.01747, 37.64256],
						[-77.98329, 37.62461],
						[-77.95674, 37.62511],
						[-77.94367, 37.63862],
						[-77.95603, 37.66081],
						[-77.94981, 37.67445],
						[-77.91573, 37.69136],
						[-77.89729, 37.66818],
						[-77.8306, 37.63307],
						[-77.81786, 37.60778],
						[-77.76526, 37.61257],
						[-77.73213, 37.58966],
						[-77.7056, 37.58919],
						[-77.6554, 37.56399],
						[-77.7978, 37.45889],
						[-77.80827, 37.42679],
						[-77.84673, 37.41512],
						[-77.85888, 37.42264],
						[-77.85607, 37.43174],
						[-77.86512, 37.43765],
						[-77.86661, 37.45675],
						[-77.89522, 37.45046],
						[-77.89821, 37.47475],
						[-77.91456, 37.47481],
						[-77.92493, 37.48219],
						[-77.93743, 37.47542],
						[-77.98666, 37.48645],
						[-77.99957, 37.49805],
						[-78.01519, 37.49147],
						[-78.0172, 37.47149],
						[-78.04932, 37.47226],
						[-78.06613, 37.45199],
						[-78.09242, 37.45566],
						[-78.09875, 37.44058],
						[-78.10081, 37.44811],
						[-78.12429, 37.4454],
						[-78.13205, 37.45469]
					]
				]
			}
		},
		{
			"type": "Feature",
			"properties": {
				"geoid": "51149",
				"name": "Prince George",
				"namelsad": "Prince George County",
				"served": false
			},
			"geometry": {
				"type": "Polygon",
				"coordinates": [
					[
						[-77.3992, 37.17085],
						[-77.3767, 37.18055],
						[-77.36237, 37.17074],
						[-77.34568, 37.17414],
						[-77.34315, 37.18965],
						[-77.32977, 37.1975],
						[-77.37746, 37.25156],
						[-77.37373, 37.26695],
						[-77.35658, 37.28312],
						[-77.35252, 37.31016],
						[-77.33967, 37.31509],
						[-77.32669, 37.29323],
						[-77.32973, 37.28075],
						[-77.32498, 37.28061],
						[-77.32438, 37.26782],
						[-77.33095, 37.25764],
						[-77.32237, 37.2654],
						[-77.30527, 37.26204],
						[-77.27857, 37.28033],
						[-77.26056, 37.28279],
						[-77.25359, 37.29669],
						[-77.27335, 37.31647],
						[-77.28402, 37.31301],
						[-77.27383, 37.32101],
						[-77.2515, 37.30886],
						[-77.22049, 37.31927],
						[-77.12511, 37.30292],
						[-77.08825, 37.31307],
						[-77.07955, 37.27428],
						[-77.06943, 37.26974],
						[-77.00696, 37.30488],
						[-76.99022, 37.29489],
						[-76.99136, 37.27801],
						[-76.97244, 37.2485],
						[-77.0123, 37.23288],
						[-77.01881, 37.21959],
						[-77.01178, 37.21241],
						[-77.02426, 37.2066],
						[-77.02407, 37.20103],
						[-77.04341, 37.20228],
						[-77.04399, 37.19243],
						[-77.07259, 37.18464],
						[-77.07555, 37.17556],
						[-77.15542, 37.11203],
						[-77.3985, 36.99298],
						[-77.39464, 37.03573],
						[-77.3992, 37.17085]
					]
				]
			}
		},
		{
			"type": "Feature",
			"properties": {
				"geoid": "51159",
				"name": "Richmond",
				"namelsad": "Richmond County",
				"served": false
			},
			"geometry": {
				"type": "Polygon",
				"coordinates": [
					[
						[-76.93804, 38.08543],
						[-76.91139, 38.09743],
						[-76.87689, 38.12444],
						[-76.86249, 38.10204],
						[-76.82284, 38.06518],
						[-76.79723, 38.0583],
						[-76.75733, 38.03068],
						[-76.76541, 38.00164],
						[-76.74887, 37.9949],
						[-76.72899, 37.99919],
						[-76.68192, 37.98106],
						[-76.65629, 37.98217],
						[-76.64796, 37.96826],
						[-76.62812, 37.96858],
						[-76.60491, 37.94818],
						[-76.59329, 37.94844],
						[-76.55604, 37.93152],
						[-76.54107, 37.89033],
						[-76.54788, 37.86764],
						[-76.51124, 37.84965],
						[-76.50783, 37.83881],
						[-76.56473, 37.83729],
						[-76.58555, 37.82372],
						[-76.58145, 37.82015],
						[-76.58564, 37.81182],
						[-76.59175, 37.81535],
						[-76.60847, 37.80586],
						[-76.62626, 37.80682],
						[-76.62951, 37.8005],
						[-76.64244, 37.80548],
						[-76.65141, 37.79624],
						[-76.6802, 37.82565],
						[-76.70161, 37.82268],
						[-76.72614, 37.83623],
						[-76.73119, 37.84981],
						[-76.74118, 37.85525],
						[-76.73839, 37.86537],
						[-76.74755, 37.87586],
						[-76.76571, 37.87927],
						[-76.76604, 37.89322],
						[-76.77923, 37.91151],
						[-76.79848, 37.92519],
						[-76.81013, 37.92426],
						[-76.82368, 37.93401],
						[-76.83544, 37.93213],
						[-76.85006, 37.95116],
						[-76.85301, 37.97463],
						[-76.87121, 37.98591],
						[-76.89569, 37.9891],
						[-76.91228, 38.05168],
						[-76.92265, 38.07109],
						[-76.93696, 38.07707],
						[-76.93804, 38.08543]
					]
				]
			}
		},
		{
			"type": "Feature",
			"properties": {
				"geoid": "51175",
				"name": "Southampton",
				"namelsad": "Southampton County",
				"served": false
			},
			"geometry": {
				"type": "Polygon",
				"coordinates": [
					[
						[-77.50192, 36.67051],
						[-76.8491, 36.99557],
						[-76.85897, 36.95603],
						[-76.84483, 36.9326],
						[-76.83143, 36.92959],
						[-76.83566, 36.91939],
						[-76.8156, 36.91428],
						[-76.81494, 36.90046],
						[-76.82727, 36.88748],
						[-76.81803, 36.88058],
						[-76.83869, 36.86676],
						[-76.83385, 36.86285],
						[-76.84085, 36.85575],
						[-76.85192, 36.85373],
						[-76.84928, 36.84626],
						[-76.85969, 36.8357],
						[-76.85563, 36.82721],
						[-76.86203, 36.82681],
						[-76.86888, 36.80845],
						[-76.86172, 36.80064],
						[-76.86559, 36.78957],
						[-76.88499, 36.78022],
						[-76.88939, 36.77154],
						[-76.88462, 36.7644],
						[-76.8983, 36.762],
						[-76.90172, 36.75501],
						[-76.89481, 36.74703],
						[-76.91538, 36.73645],
						[-76.91418, 36.72214],
						[-76.92264, 36.70956],
						[-76.95244, 36.70868],
						[-76.96943, 36.69613],
						[-76.96649, 36.68045],
						[-76.94744, 36.67588],
						[-76.96234, 36.66752],
						[-76.9004, 36.64573],
						[-76.89135, 36.63045],
						[-76.9, 36.62046],
						[-76.91227, 36.61789],
						[-76.90731, 36.61212],
						[-76.91262, 36.60171],
						[-76.90948, 36.57917],
						[-76.92025, 36.57761],
						[-76.918, 36.57257],
						[-76.92614, 36.57195],
						[-76.93094, 36.55957],
						[-76.91573, 36.55331],
						[-76.91605, 36.54382],
						[-77.29688, 36.54474],
						[-77.3316, 36.5577],
						[-77.33613, 36.55069],
						[-77.34782, 36.55051],
						[-77.36091, 36.56476],
						[-77.35741, 36.60079],
						[-77.3713, 36.60716],
						[-77.36801, 36.61559],
						[-77.3763, 36.62358],
						[-77.3721, 36.62634],
						[-77.37796, 36.63305],
						[-77.38654, 36.6298],
						[-77.38619, 36.64163],
						[-77.41533, 36.65427],
						[-77.45745, 36.65077],
						[-77.45577, 36.65544],
						[-77.46384, 36.65254],
						[-77.47668, 36.66102],
						[-77.47773, 36.66912],
						[-77.50192, 36.67051]
					]
				]
			}
		},
		{
			"type": "Feature",
			"properties": {
				"geoid": "51177",
				"name": "Spotsylvania",
				"namelsad": "Spotsylvania County",
				"served": false
			},
			"geometry": {
				"type": "Polygon",
				"coordinates": [
					[
						[-77.94705, 38.12004],
						[-77.9276, 38.13849],
						[-77.9203, 38.15467],
						[-77.90161, 38.15862],
						[-77.89766, 38.17113],
						[-77.8715, 38.19103],
						[-77.87742, 38.20219],
						[-77.8566, 38.20318],
						[-77.83477, 38.2313],
						[-77.82774, 38.23],
						[-77.80742, 38.25558],
						[-77.79292, 38.25959],
						[-77.78106, 38.27772],
						[-77.77078, 38.28014],
						[-77.77142, 38.28807],
						[-77.74304, 38.30937],
						[-77.73933, 38.32095],
						[-77.71521, 38.3356],
						[-77.71856, 38.34189],
						[-77.70916, 38.35771],
						[-77.7052, 38.35493],
						[-77.708, 38.35874],
						[-77.67954, 38.35991],
						[-77.67244, 38.36993],
						[-77.64766, 38.37778],
						[-77.63714, 38.37187],
						[-77.64421, 38.36665],
						[-77.6395, 38.35903],
						[-77.62656, 38.36886],
						[-77.6131, 38.36468],
						[-77.60257, 38.34867],
						[-77.60319, 38.33306],
						[-77.58467, 38.34681],
						[-77.56746, 38.34602],
						[-77.56912, 38.33732],
						[-77.54546, 38.32508],
						[-77.54046, 38.31382],
						[-77.5148, 38.30533],
						[-77.51662, 38.29501],
						[-77.50782, 38.29227],
						[-77.51167, 38.27995],
						[-77.49685, 38.28296],
						[-77.49463, 38.27388],
						[-77.47384, 38.27015],
						[-77.46646, 38.27997],
						[-77.45751, 38.2714],
						[-77.45023, 38.27481],
						[-77.4544, 38.28357],
						[-77.44713, 38.28461],
						[-77.41743, 38.25633],
						[-77.39085, 38.24559],
						[-77.3703, 38.24658],
						[-77.64252, 37.99069],
						[-77.65913, 37.99181],
						[-77.67749, 38.00659],
						[-77.71189, 38.01272],
						[-77.72221, 38.02324],
						[-77.73131, 38.02124],
						[-77.73231, 38.03164],
						[-77.73951, 38.03304],
						[-77.74691, 38.02364],
						[-77.74791, 38.03764],
						[-77.74091, 38.03774],
						[-77.74821, 38.04214],
						[-77.74521, 38.05084],
						[-77.76851, 38.05174],
						[-77.78421, 38.06314],
						[-77.78661, 38.07604],
						[-77.81112, 38.07969],
						[-77.83822, 38.10624],
						[-77.84702, 38.09844],
						[-77.85122, 38.10434],
						[-77.85612, 38.09984],
						[-77.88842, 38.11314],
						[-77.90182, 38.10814],
						[-77.91672, 38.11834],
						[-77.92974, 38.11373],
						[-77.94705, 38.12004]
					]
				]
			}
		},
		{
			"type": "Feature",
			"properties": {
				"geoid": "51181",
				"name": "Surry",
				"namelsad": "Surry County",
				"served": true
			},
			"geometry": {
				"type": "Polygon",
				"coordinates": [
					[
						[-77.15597, 37.11395],
						[-77.12371, 37.13813],
						[-77.08778, 37.16907],
						[-77.079, 37.1726],
						[-77.0742, 37.17791],
						[-77.07259, 37.18464],
						[-77.05844, 37.19092],
						[-77.04399, 37.19243],
						[-77.04276, 37.19476],
						[-77.04628, 37.19906],
						[-77.04341, 37.20228],
						[-77.03707, 37.20183],
						[-77.03561, 37.20334],
						[-77.03149, 37.19867],
						[-77.02846, 37.2019],
						[-77.0273, 37.20009],
						[-77.02407, 37.20103],
						[-77.02426, 37.2066],
						[-77.01788, 37.20696],
						[-77.01178, 37.21241],
						[-77.01881, 37.21959],
						[-77.01676, 37.22324],
						[-77.01346, 37.22476],
						[-77.01416, 37.22765],
						[-77.0123, 37.23288],
						[-77.00485, 37.23167],
						[-77.00173, 37.23869],
						[-76.99349, 37.23652],
						[-76.97244, 37.2485],
						[-76.96563, 37.24404],
						[-76.94392, 37.23469],
						[-76.94839, 37.23087],
						[-76.94708, 37.22803],
						[-76.93258, 37.21772],
						[-76.92616, 37.21601],
						[-76.91333, 37.20598],
						[-76.90251, 37.19983],
						[-76.89093, 37.19951],
						[-76.8657, 37.20902],
						[-76.8362, 37.20598],
						[-76.81849, 37.20532],
						[-76.80637, 37.20712],
						[-76.80102, 37.20604],
						[-76.8032, 37.20151],
						[-76.80251, 37.19831],
						[-76.7969, 37.1894],
						[-76.78973, 37.18771],
						[-76.78539, 37.18426],
						[-76.78272, 37.17824],
						[-76.76193, 37.16811],
						[-76.74763, 37.15055],
						[-76.73728, 37.14616],
						[-76.73032, 37.1454],
						[-76.71529, 37.14804],
						[-76.70776, 37.15874],
						[-76.70631, 37.16527],
						[-76.70286, 37.17067],
						[-76.69763, 37.17436],
						[-76.69541, 37.17849],
						[-76.69199, 37.19502],
						[-76.68658, 37.19727],
						[-76.67767, 37.18856],
						[-76.66989, 37.18357],
						[-76.66377, 37.17388],
						[-76.66427, 37.17103],
						[-76.66867, 37.16677],
						[-76.67147, 37.15874],
						[-76.6703, 37.15163],
						[-76.67159, 37.14206],
						[-76.67542, 37.13904],
						[-76.67574, 37.1365],
						[-76.67265, 37.13277],
						[-76.67822, 37.1304],
						[-76.68029, 37.12629],
						[-76.67997, 37.11768],
						[-76.67713, 37.11392],
						[-76.67936, 37.11143],
						[-76.67517, 37.10864],
						[-76.67797, 37.10418],
						[-76.68141, 37.10674],
						[-76.68419, 37.10389],
						[-76.68208, 37.09866],
						[-76.68414, 37.09701],
						[-76.68169, 37.09378],
						[-76.68384, 37.09263],
						[-76.68448, 37.08816],
						[-76.69565, 37.08328],
						[-76.69376, 37.08216],
						[-76.69501, 37.07666],
						[-76.69339, 37.07356],
						[-76.69616, 37.07256],
						[-76.70118, 37.0662],
						[-76.69797, 37.06127],
						[-76.69931, 37.05842],
						[-76.70623, 37.05575],
						[-76.70954, 37.05645],
						[-76.83758, 37.00224],
						[-76.95355, 36.94445],
						[-76.96605, 37.00039],
						[-76.9685, 37.03414],
						[-76.96742, 37.03655],
						[-76.96956, 37.04016],
						[-76.96351, 37.04371],
						[-76.96594, 37.04996],
						[-76.9652, 37.05451],
						[-76.96914, 37.05481],
						[-76.97759, 37.05071],
						[-76.97947, 37.05346],
						[-76.98313, 37.05375],
						[-76.98411, 37.04979],
						[-77.005, 37.05199],
						[-77.00673, 37.05831],
						[-77.01467, 37.0579],
						[-77.01592, 37.06065],
						[-77.03403, 37.06678],
						[-77.03534, 37.07001],
						[-77.03885, 37.06896],
						[-77.04462, 37.0702],
						[-77.045, 37.06676],
						[-77.04894, 37.06278],
						[-77.05941, 37.06443],
						[-77.06327, 37.0667],
						[-77.06701, 37.06592],
						[-77.06861, 37.06793],
						[-77.07561, 37.06651],
						[-77.07852, 37.06848],
						[-77.07547, 37.07232],
						[-77.07738, 37.07415],
						[-77.0765, 37.07615],
						[-77.0791, 37.07777],
						[-77.07773, 37.08171],
						[-77.07941, 37.08407],
						[-77.09047, 37.0828],
						[-77.0937, 37.08633],
						[-77.09961, 37.08374],
						[-77.1023, 37.08433],
						[-77.1031, 37.08873],
						[-77.10787, 37.09085],
						[-77.10836, 37.09408],
						[-77.10687, 37.09561],
						[-77.10956, 37.09641],
						[-77.11139, 37.10062],
						[-77.11748, 37.10108],
						[-77.12171, 37.09831],
						[-77.12651, 37.09851],
						[-77.12728, 37.0971],
						[-77.13065, 37.09721],
						[-77.13214, 37.10129],
						[-77.13782, 37.10198],
						[-77.13922, 37.10415],
						[-77.14356, 37.10127],
						[-77.14839, 37.10141],
						[-77.15308, 37.10425],
						[-77.15573, 37.10933],
						[-77.15597, 37.11395]
					]
				]
			}
		},
		{
			"type": "Feature",
			"properties": {
				"geoid": "51183",
				"name": "Sussex",
				"namelsad": "Sussex County",
				"served": false
			},
			"geometry": {
				"type": "Polygon",
				"coordinates": [
					[
						[-77.6162, 36.8792],
						[-77.15542, 37.11203],
						[-77.14839, 37.10141],
						[-77.11139, 37.10062],
						[-77.1023, 37.08433],
						[-77.07941, 37.08407],
						[-77.07561, 37.06651],
						[-77.04894, 37.06278],
						[-77.04462, 37.0702],
						[-77.03534, 37.07001],
						[-77.00673, 37.05831],
						[-77.005, 37.05199],
						[-76.9652, 37.05451],
						[-76.96351, 37.04371],
						[-76.96956, 37.04016],
						[-76.96605, 37.00039],
						[-76.95355, 36.94445],
						[-77.43013, 36.70766],
						[-77.49, 36.72101],
						[-77.45868, 36.86296],
						[-77.47519, 36.86113],
						[-77.50122, 36.84508],
						[-77.539, 36.85303],
						[-77.55754, 36.84557],
						[-77.56802, 36.85328],
						[-77.57645, 36.85157],
						[-77.59474, 36.87108],
						[-77.6162, 36.8792]
					]
				]
			}
		},
		{
			"type": "Feature",
			"properties": {
				"geoid": "51193",
				"name": "Westmoreland",
				"namelsad": "Westmoreland County",
				"served": false
			},
			"geometry": {
				"type": "Polygon",
				"coordinates": [
					[
						[-77.06466, 38.16674],
						[-77.04848, 38.18244],
						[-77.04454, 38.26045],
						[-77.03467, 38.25873],
						[-77.02819, 38.26853],
						[-77.01399, 38.26973],
						[-77.00759, 38.27713],
						[-76.98322, 38.27465],
						[-76.96215, 38.25649],
						[-76.95695, 38.23682],
						[-76.96734, 38.22718],
						[-76.96231, 38.21408],
						[-76.91083, 38.19707],
						[-76.87527, 38.17221],
						[-76.8388, 38.16348],
						[-76.76024, 38.16658],
						[-76.74104, 38.1522],
						[-76.73835, 38.13422],
						[-76.73276, 38.13179],
						[-76.70858, 38.14507],
						[-76.70206, 38.15971],
						[-76.68968, 38.16015],
						[-76.66513, 38.14764],
						[-76.63971, 38.12198],
						[-76.63234, 38.12871],
						[-76.64345, 38.14825],
						[-76.62948, 38.15305],
						[-76.61206, 38.14866],
						[-76.60094, 38.11008],
						[-76.5374, 38.07553],
						[-76.52139, 38.0464],
						[-76.55046, 38.04059],
						[-76.55011, 38.02946],
						[-76.57258, 38.02691],
						[-76.57269, 38.01819],
						[-76.59092, 38.00373],
						[-76.61778, 38.00041],
						[-76.63827, 37.96556],
						[-76.64796, 37.96826],
						[-76.65629, 37.98217],
						[-76.68192, 37.98106],
						[-76.72899, 37.99919],
						[-76.74887, 37.9949],
						[-76.76541, 38.00164],
						[-76.75733, 38.03068],
						[-76.79723, 38.0583],
						[-76.82284, 38.06518],
						[-76.86249, 38.10204],
						[-76.87689, 38.12444],
						[-76.91139, 38.09743],
						[-76.93941, 38.08507],
						[-76.93696, 38.07707],
						[-76.98402, 38.08749],
						[-76.99061, 38.09428],
						[-76.98899, 38.10606],
						[-76.99969, 38.1103],
						[-77.01469, 38.09353],
						[-77.03239, 38.09173],
						[-77.03419, 38.10083],
						[-77.05172, 38.11201],
						[-77.05219, 38.14433],
						[-77.06466, 38.16674]
					]
				]
			}
		},
		{
			"type": "Feature",
			"properties": { "geoid": "51199", "name": "York", "namelsad": "York County", "served": true },
			"geometry": {
				"type": "Polygon",
				"coordinates": [
					[
						[-76.75551, 37.35422],
						[-76.74594, 37.36247],
						[-76.7419, 37.37061],
						[-76.7271, 37.37125],
						[-76.72521, 37.36907],
						[-76.71982, 37.3692],
						[-76.71666, 37.36642],
						[-76.71044, 37.36476],
						[-76.69984, 37.3659],
						[-76.70017, 37.36758],
						[-76.69817, 37.36827],
						[-76.69773, 37.36601],
						[-76.69471, 37.36521],
						[-76.69344, 37.36813],
						[-76.69041, 37.36711],
						[-76.6924, 37.36574],
						[-76.69065, 37.36589],
						[-76.69015, 37.369],
						[-76.68338, 37.37011],
						[-76.68329, 37.36758],
						[-76.67997, 37.36689],
						[-76.67617, 37.36925],
						[-76.67432, 37.3677],
						[-76.65865, 37.38014],
						[-76.64952, 37.37428],
						[-76.63728, 37.3556],
						[-76.60071, 37.31404],
						[-76.57673, 37.2969],
						[-76.5666, 37.28635],
						[-76.55332, 37.28098],
						[-76.53641, 37.27112],
						[-76.51606, 37.24875],
						[-76.5063, 37.24339],
						[-76.50903, 37.23948],
						[-76.49742, 37.22999],
						[-76.49401, 37.22541],
						[-76.48369, 37.22232],
						[-76.4718, 37.21602],
						[-76.45598, 37.21851],
						[-76.43725, 37.21904],
						[-76.42139, 37.22324],
						[-76.41068, 37.22248],
						[-76.39734, 37.22423],
						[-76.38663, 37.22784],
						[-76.39507, 37.21705],
						[-76.39567, 37.21214],
						[-76.40208, 37.20655],
						[-76.39307, 37.19862],
						[-76.39115, 37.19462],
						[-76.39251, 37.17563],
						[-76.394, 37.17445],
						[-76.40053, 37.179],
						[-76.40802, 37.17502],
						[-76.40838, 37.16688],
						[-76.4123, 37.16148],
						[-76.40565, 37.15996],
						[-76.41289, 37.15581],
						[-76.4117, 37.14789],
						[-76.41349, 37.13826],
						[-76.41025, 37.1347],
						[-76.41148, 37.13043],
						[-76.41041, 37.12662],
						[-76.40776, 37.12912],
						[-76.3958, 37.10717],
						[-76.39782, 37.10744],
						[-76.40201, 37.10405],
						[-76.40137, 37.10297],
						[-76.39782, 37.10387],
						[-76.39878, 37.10209],
						[-76.39665, 37.10009],
						[-76.39937, 37.10023],
						[-76.39806, 37.09914],
						[-76.3997, 37.09796],
						[-76.39739, 37.09815],
						[-76.39835, 37.09667],
						[-76.40798, 37.09212],
						[-76.41285, 37.09354],
						[-76.42374, 37.09178],
						[-76.4305, 37.0961],
						[-76.43706, 37.09398],
						[-76.4448, 37.09467],
						[-76.4591, 37.10097],
						[-76.50614, 37.15409],
						[-76.50445, 37.15851],
						[-76.5151, 37.17318],
						[-76.51485, 37.17606],
						[-76.51683, 37.17864],
						[-76.52657, 37.17707],
						[-76.56519, 37.22054],
						[-76.56743, 37.21769],
						[-76.57048, 37.21721],
						[-76.57089, 37.21534],
						[-76.57467, 37.21574],
						[-76.57518, 37.21299],
						[-76.5913, 37.21321],
						[-76.59312, 37.21424],
						[-76.59526, 37.22],
						[-76.59627, 37.23209],
						[-76.60046, 37.23429],
						[-76.60125, 37.23757],
						[-76.62302, 37.23506],
						[-76.62732, 37.23147],
						[-76.63272, 37.23635],
						[-76.65128, 37.23915],
						[-76.65883, 37.24529],
						[-76.66247, 37.25161],
						[-76.66582, 37.26406],
						[-76.66927, 37.26603],
						[-76.67926, 37.26561],
						[-76.68442, 37.26946],
						[-76.6848, 37.27067],
						[-76.6783, 37.27684],
						[-76.67863, 37.27944],
						[-76.68154, 37.28164],
						[-76.68187, 37.29264],
						[-76.68533, 37.29378],
						[-76.68895, 37.29254],
						[-76.69117, 37.2906],
						[-76.69064, 37.28875],
						[-76.69928, 37.28508],
						[-76.70112, 37.28287],
						[-76.70986, 37.28273],
						[-76.71011, 37.27736],
						[-76.71405, 37.27934],
						[-76.72005, 37.28623],
						[-76.72436, 37.29577],
						[-76.72731, 37.29891],
						[-76.7296, 37.31298],
						[-76.73595, 37.32344],
						[-76.73458, 37.33143],
						[-76.75454, 37.34015],
						[-76.75301, 37.34577],
						[-76.75551, 37.35422]
					]
				]
			}
		},
		{
			"type": "Feature",
			"properties": {
				"geoid": "51550",
				"name": "Chesapeake",
				"namelsad": "Chesapeake city",
				"served": true
			},
			"geometry": {
				"type": "Polygon",
				"coordinates": [
					[
						[-76.46677, 36.74625],
						[-76.45747, 36.81484],
						[-76.44107, 36.84255],
						[-76.42037, 36.86635],
						[-76.40147, 36.86655],
						[-76.39847, 36.86595],
						[-76.39937, 36.85724],
						[-76.39187, 36.85655],
						[-76.39127, 36.85435],
						[-76.38742, 36.8522],
						[-76.38827, 36.84495],
						[-76.38347, 36.83755],
						[-76.39547, 36.82815],
						[-76.40367, 36.81405],
						[-76.40032, 36.80524],
						[-76.3976, 36.8067],
						[-76.39173, 36.80512],
						[-76.37568, 36.78606],
						[-76.32881, 36.793],
						[-76.30145, 36.79911],
						[-76.29214, 36.79866],
						[-76.29006, 36.80874],
						[-76.29126, 36.81845],
						[-76.28996, 36.82205],
						[-76.27972, 36.82343],
						[-76.27471, 36.82804],
						[-76.25747, 36.82076],
						[-76.24572, 36.83289],
						[-76.24376, 36.83686],
						[-76.22606, 36.83995],
						[-76.22516, 36.83705],
						[-76.22806, 36.83287],
						[-76.2037, 36.76974],
						[-76.18653, 36.76375],
						[-76.14325, 36.75704],
						[-76.09755, 36.71605],
						[-76.08215, 36.71245],
						[-76.08035, 36.70574],
						[-76.068, 36.69258],
						[-76.06555, 36.68555],
						[-76.06915, 36.67745],
						[-76.07395, 36.67845],
						[-76.07685, 36.67725],
						[-76.07965, 36.67865],
						[-76.08615, 36.67585],
						[-76.09978, 36.67337],
						[-76.10066, 36.67045],
						[-76.12195, 36.66575],
						[-76.12235, 36.55049],
						[-76.49148, 36.55073],
						[-76.46677, 36.74625]
					]
				]
			}
		},
		{
			"type": "Feature",
			"properties": {
				"geoid": "51570",
				"name": "Colonial Heights",
				"namelsad": "Colonial Heights city",
				"served": false
			},
			"geometry": {
				"type": "Polygon",
				"coordinates": [
					[
						[-77.43179, 37.27591],
						[-77.42311, 37.27446],
						[-77.4265, 37.28305],
						[-77.41232, 37.28303],
						[-77.39965, 37.2719],
						[-77.40189, 37.28203],
						[-77.38938, 37.28737],
						[-77.37911, 37.28406],
						[-77.3682, 37.29855],
						[-77.36252, 37.28502],
						[-77.37773, 37.27097],
						[-77.38161, 37.24378],
						[-77.40988, 37.23372],
						[-77.4165, 37.23321],
						[-77.41559, 37.26395],
						[-77.4224, 37.26248],
						[-77.43179, 37.27591]
					]
				]
			}
		},
		{
			"type": "Feature",
			"properties": {
				"geoid": "51595",
				"name": "Emporia",
				"namelsad": "Emporia city",
				"served": false
			},
			"geometry": {
				"type": "Polygon",
				"coordinates": [
					[
						[-77.56284, 36.70338],
						[-77.55657, 36.71366],
						[-77.52183, 36.71283],
						[-77.51488, 36.72057],
						[-77.50937, 36.7164],
						[-77.51751, 36.69956],
						[-77.50863, 36.70216],
						[-77.50672, 36.69012],
						[-77.50925, 36.683],
						[-77.52009, 36.68535],
						[-77.52572, 36.67283],
						[-77.5482, 36.6719],
						[-77.55652, 36.67487],
						[-77.56284, 36.70338]
					]
				]
			}
		},
		{
			"type": "Feature",
			"properties": {
				"geoid": "51620",
				"name": "Franklin",
				"namelsad": "Franklin city",
				"served": false
			},
			"geometry": {
				"type": "Polygon",
				"coordinates": [
					[
						[-76.96839, 36.70058],
						[-76.95244, 36.70868],
						[-76.9254, 36.70864],
						[-76.93027, 36.705],
						[-76.92569, 36.69833],
						[-76.91222, 36.69841],
						[-76.92498, 36.6822],
						[-76.91201, 36.67272],
						[-76.91775, 36.66125],
						[-76.91006, 36.64715],
						[-76.96234, 36.66752],
						[-76.94744, 36.67588],
						[-76.96649, 36.68045],
						[-76.96839, 36.70058]
					]
				]
			}
		},
		{
			"type": "Feature",
			"properties": {
				"geoid": "51650",
				"name": "Hampton",
				"namelsad": "Hampton city",
				"served": false
			},
			"geometry": {
				"type": "Polygon",
				"coordinates": [
					[
						[-76.449, 37.07915],
						[-76.43775, 37.09405],
						[-76.40798, 37.09212],
						[-76.39835, 37.09667],
						[-76.40201, 37.10405],
						[-76.39782, 37.10744],
						[-76.38518, 37.10512],
						[-76.38345, 37.11198],
						[-76.37621, 37.10833],
						[-76.36747, 37.11304],
						[-76.35097, 37.10674],
						[-76.34467, 37.09684],
						[-76.30156, 37.10324],
						[-76.29602, 37.10976],
						[-76.2799, 37.10123],
						[-76.27135, 37.08757],
						[-76.30427, 37.00138],
						[-76.31456, 37.00146],
						[-76.31695, 37.01268],
						[-76.34067, 37.01525],
						[-76.38771, 36.98967],
						[-76.40127, 36.99724],
						[-76.39963, 36.99109],
						[-76.40502, 36.9936],
						[-76.42471, 37.0254],
						[-76.44243, 37.0188],
						[-76.45022, 37.04496],
						[-76.449, 37.07915]
					]
				]
			}
		},
		{
			"type": "Feature",
			"properties": {
				"geoid": "51670",
				"name": "Hopewell",
				"namelsad": "Hopewell city",
				"served": false
			},
			"geometry": {
				"type": "Polygon",
				"coordinates": [
					[
						[-77.33764, 37.30761],
						[-77.33471, 37.3144],
						[-77.31872, 37.30833],
						[-77.29532, 37.30954],
						[-77.28728, 37.31685],
						[-77.2816, 37.30994],
						[-77.27701, 37.31766],
						[-77.25244, 37.29354],
						[-77.26056, 37.28279],
						[-77.27857, 37.28033],
						[-77.30527, 37.26204],
						[-77.32237, 37.2654],
						[-77.33095, 37.25764],
						[-77.32498, 37.28061],
						[-77.32973, 37.28075],
						[-77.32669, 37.29323],
						[-77.33764, 37.30761]
					]
				]
			}
		},
		{
			"type": "Feature",
			"properties": {
				"geoid": "51700",
				"name": "Newport News",
				"namelsad": "Newport News city",
				"served": false
			},
			"geometry": {
				"type": "Polygon",
				"coordinates": [
					[
						[-76.62562, 37.12904],
						[-76.62225, 37.14215],
						[-76.60437, 37.16006],
						[-76.60744, 37.16884],
						[-76.57834, 37.18646],
						[-76.5913, 37.21321],
						[-76.57518, 37.21299],
						[-76.56519, 37.22054],
						[-76.52657, 37.17707],
						[-76.51683, 37.17864],
						[-76.50614, 37.15409],
						[-76.4591, 37.10097],
						[-76.43775, 37.09405],
						[-76.45131, 37.07703],
						[-76.44243, 37.0188],
						[-76.42471, 37.0254],
						[-76.40502, 36.9936],
						[-76.39963, 36.99109],
						[-76.40127, 36.99724],
						[-76.38771, 36.98967],
						[-76.41099, 36.963],
						[-76.42525, 36.96641],
						[-76.45212, 36.99816],
						[-76.44823, 37.00771],
						[-76.46126, 37.0245],
						[-76.51864, 37.05573],
						[-76.52627, 37.06295],
						[-76.52656, 37.07853],
						[-76.56025, 37.11127],
						[-76.57, 37.10842],
						[-76.55051, 37.0815],
						[-76.55895, 37.08198],
						[-76.55712, 37.07623],
						[-76.62562, 37.12904]
					]
				]
			}
		},
		{
			"type": "Feature",
			"properties": {
				"geoid": "51710",
				"name": "Norfolk",
				"namelsad": "Norfolk city",
				"served": false
			},
			"geometry": {
				"type": "Polygon",
				"coordinates": [
					[
						[-76.33021, 36.94206],
						[-76.32567, 36.96319],
						[-76.31587, 36.95535],
						[-76.30047, 36.95635],
						[-76.29615, 36.969],
						[-76.27994, 36.96837],
						[-76.22856, 36.94195],
						[-76.17709, 36.93007],
						[-76.17677, 36.92103],
						[-76.19253, 36.91804],
						[-76.18201, 36.90667],
						[-76.19846, 36.88664],
						[-76.18844, 36.87411],
						[-76.19326, 36.86525],
						[-76.17691, 36.85697],
						[-76.17947, 36.84968],
						[-76.19726, 36.82815],
						[-76.22606, 36.83995],
						[-76.24376, 36.83686],
						[-76.25747, 36.82076],
						[-76.27471, 36.82804],
						[-76.28996, 36.82205],
						[-76.30186, 36.85301],
						[-76.32789, 36.87606],
						[-76.31566, 36.88818],
						[-76.31414, 36.90249],
						[-76.28794, 36.90342],
						[-76.31785, 36.91151],
						[-76.32602, 36.90372],
						[-76.33021, 36.94206]
					]
				]
			}
		},
		{
			"type": "Feature",
			"properties": {
				"geoid": "51730",
				"name": "Petersburg",
				"namelsad": "Petersburg city",
				"served": false
			},
			"geometry": {
				"type": "Polygon",
				"coordinates": [
					[
						[-77.45459, 37.18747],
						[-77.44146, 37.21185],
						[-77.44741, 37.22307],
						[-77.37678, 37.24485],
						[-77.36131, 37.23868],
						[-77.34695, 37.21099],
						[-77.32977, 37.1975],
						[-77.34315, 37.18965],
						[-77.34568, 37.17414],
						[-77.36237, 37.17074],
						[-77.3767, 37.18055],
						[-77.42347, 37.1651],
						[-77.42198, 37.17947],
						[-77.42807, 37.18502],
						[-77.45459, 37.18747]
					]
				]
			}
		},
		{
			"type": "Feature",
			"properties": {
				"geoid": "51735",
				"name": "Poquoson",
				"namelsad": "Poquoson city",
				"served": true
			},
			"geometry": {
				"type": "Polygon",
				"coordinates": [
					[
						[-76.413, 37.14189],
						[-76.4117, 37.14789],
						[-76.41289, 37.15581],
						[-76.40565, 37.15996],
						[-76.40196, 37.15911],
						[-76.39981, 37.16045],
						[-76.39476, 37.15757],
						[-76.38138, 37.15571],
						[-76.37846, 37.15078],
						[-76.37068, 37.15026],
						[-76.36738, 37.15396],
						[-76.37288, 37.15667],
						[-76.37401, 37.16036],
						[-76.36696, 37.16558],
						[-76.36215, 37.16593],
						[-76.35968, 37.16836],
						[-76.34866, 37.1687],
						[-76.34229, 37.16077],
						[-76.3407, 37.15084],
						[-76.33252, 37.14448],
						[-76.32127, 37.14131],
						[-76.31625, 37.1377],
						[-76.3114, 37.13749],
						[-76.30178, 37.13012],
						[-76.29928, 37.13012],
						[-76.29576, 37.12326],
						[-76.30059, 37.11866],
						[-76.30178, 37.11411],
						[-76.29602, 37.10976],
						[-76.30156, 37.10324],
						[-76.31174, 37.102],
						[-76.31736, 37.10304],
						[-76.34467, 37.09684],
						[-76.35097, 37.10674],
						[-76.36747, 37.11304],
						[-76.37621, 37.10833],
						[-76.38345, 37.11198],
						[-76.38773, 37.10918],
						[-76.38426, 37.10738],
						[-76.38518, 37.10512],
						[-76.3934, 37.10832],
						[-76.39499, 37.10626],
						[-76.40776, 37.12912],
						[-76.41041, 37.12662],
						[-76.41148, 37.13043],
						[-76.41025, 37.1347],
						[-76.41349, 37.13826],
						[-76.413, 37.14189]
					]
				]
			}
		},
		{
			"type": "Feature",
			"properties": {
				"geoid": "51740",
				"name": "Portsmouth",
				"namelsad": "Portsmouth city",
				"served": false
			},
			"geometry": {
				"type": "Polygon",
				"coordinates": [
					[
						[-76.41929, 36.86761],
						[-76.40495, 36.88154],
						[-76.40691, 36.89751],
						[-76.38829, 36.89716],
						[-76.38587, 36.92325],
						[-76.35644, 36.92406],
						[-76.35033, 36.89531],
						[-76.33863, 36.88898],
						[-76.35127, 36.87995],
						[-76.34108, 36.86105],
						[-76.35724, 36.8568],
						[-76.37402, 36.83656],
						[-76.35825, 36.83619],
						[-76.33976, 36.85455],
						[-76.3185, 36.85779],
						[-76.30734, 36.84749],
						[-76.30168, 36.85091],
						[-76.28996, 36.82205],
						[-76.29214, 36.79866],
						[-76.37568, 36.78606],
						[-76.40367, 36.81405],
						[-76.38347, 36.83755],
						[-76.38742, 36.8522],
						[-76.39937, 36.85724],
						[-76.39847, 36.86595],
						[-76.41929, 36.86761]
					]
				]
			}
		},
		{
			"type": "Feature",
			"properties": {
				"geoid": "51760",
				"name": "Richmond",
				"namelsad": "Richmond city",
				"served": false
			},
			"geometry": {
				"type": "Polygon",
				"coordinates": [
					[
						[-77.60117, 37.54516],
						[-77.59585, 37.54586],
						[-77.59546, 37.55575],
						[-77.58476, 37.55848],
						[-77.52983, 37.55922],
						[-77.52586, 37.56824],
						[-77.54747, 37.57254],
						[-77.54388, 37.58133],
						[-77.53203, 37.58257],
						[-77.53256, 37.59178],
						[-77.49994, 37.5754],
						[-77.4929, 37.58179],
						[-77.48237, 37.57314],
						[-77.47253, 37.57875],
						[-77.47921, 37.58765],
						[-77.47815, 37.59889],
						[-77.45448, 37.5975],
						[-77.44758, 37.60281],
						[-77.43762, 37.59857],
						[-77.43935, 37.58549],
						[-77.41332, 37.57996],
						[-77.41171, 37.55234],
						[-77.39508, 37.54935],
						[-77.39325, 37.5373],
						[-77.38551, 37.53517],
						[-77.39391, 37.52611],
						[-77.38739, 37.51706],
						[-77.39427, 37.51488],
						[-77.39388, 37.50495],
						[-77.41651, 37.51713],
						[-77.42281, 37.49614],
						[-77.41889, 37.44663],
						[-77.45938, 37.46433],
						[-77.49129, 37.45643],
						[-77.51407, 37.47594],
						[-77.52749, 37.50939],
						[-77.52865, 37.53186],
						[-77.54504, 37.5281],
						[-77.55452, 37.54303],
						[-77.56638, 37.53531],
						[-77.59245, 37.53295],
						[-77.60117, 37.54516]
					]
				]
			}
		},
		{
			"type": "Feature",
			"properties": {
				"geoid": "51800",
				"name": "Suffolk",
				"namelsad": "Suffolk city",
				"served": true
			},
			"geometry": {
				"type": "Polygon",
				"coordinates": [
					[
						[-76.92765, 36.56239],
						[-76.92774, 36.56879],
						[-76.92614, 36.57195],
						[-76.918, 36.57257],
						[-76.91759, 36.57389],
						[-76.92084, 36.57613],
						[-76.92025, 36.57761],
						[-76.91245, 36.57709],
						[-76.90948, 36.57917],
						[-76.90946, 36.59192],
						[-76.91262, 36.60171],
						[-76.90731, 36.61212],
						[-76.91227, 36.61789],
						[-76.90209, 36.62256],
						[-76.9, 36.62046],
						[-76.89808, 36.62391],
						[-76.89388, 36.62571],
						[-76.89135, 36.63045],
						[-76.89506, 36.63571],
						[-76.89569, 36.64205],
						[-76.89759, 36.64405],
						[-76.81464, 36.70573],
						[-76.75581, 36.74605],
						[-76.60256, 36.86391],
						[-76.53786, 36.91239],
						[-76.53581, 36.91251],
						[-76.53352, 36.91556],
						[-76.52928, 36.9167],
						[-76.52643, 36.91463],
						[-76.52716, 36.91092],
						[-76.52455, 36.90741],
						[-76.5211, 36.90633],
						[-76.50175, 36.91365],
						[-76.49517, 36.9225],
						[-76.4937, 36.92111],
						[-76.48931, 36.92177],
						[-76.48241, 36.91736],
						[-76.48016, 36.91427],
						[-76.48337, 36.89624],
						[-76.49311, 36.89184],
						[-76.49156, 36.8811],
						[-76.48717, 36.88063],
						[-76.48337, 36.87815],
						[-76.47362, 36.88262],
						[-76.45469, 36.88408],
						[-76.45329, 36.88703],
						[-76.45394, 36.89274],
						[-76.44741, 36.90322],
						[-76.4416, 36.90612],
						[-76.40691, 36.89751],
						[-76.40439, 36.89452],
						[-76.40456, 36.89149],
						[-76.4073, 36.89094],
						[-76.40576, 36.88584],
						[-76.40414, 36.88504],
						[-76.4071, 36.87795],
						[-76.41343, 36.87426],
						[-76.44107, 36.84255],
						[-76.45747, 36.81484],
						[-76.49148, 36.55073],
						[-76.74968, 36.55038],
						[-76.9159, 36.55209],
						[-76.917, 36.5545],
						[-76.93094, 36.55957],
						[-76.92765, 36.56239]
					]
				]
			}
		},
		{
			"type": "Feature",
			"properties": {
				"geoid": "51810",
				"name": "Virginia Beach",
				"namelsad": "Virginia Beach city",
				"served": true
			},
			"geometry": {
				"type": "Polygon",
				"coordinates": [
					[
						[-76.22516, 36.83705],
						[-76.22606, 36.83995],
						[-76.21726, 36.83355],
						[-76.20686, 36.83265],
						[-76.20016, 36.82795],
						[-76.19726, 36.82815],
						[-76.19474, 36.82997],
						[-76.19495, 36.83312],
						[-76.19145, 36.83944],
						[-76.17947, 36.84968],
						[-76.17691, 36.85697],
						[-76.19326, 36.86525],
						[-76.19036, 36.86935],
						[-76.18985, 36.87364],
						[-76.18844, 36.87411],
						[-76.19312, 36.87743],
						[-76.19846, 36.88664],
						[-76.19396, 36.89385],
						[-76.18201, 36.90667],
						[-76.1892, 36.91203],
						[-76.19253, 36.91804],
						[-76.18915, 36.91898],
						[-76.18751, 36.92291],
						[-76.17677, 36.92103],
						[-76.17709, 36.93007],
						[-76.13956, 36.92305],
						[-76.09048, 36.90781],
						[-76.08262, 36.91218],
						[-76.05815, 36.91695],
						[-76.03833, 36.93123],
						[-76.02665, 36.93215],
						[-76.01375, 36.93075],
						[-76.00755, 36.92905],
						[-75.99625, 36.92205],
						[-75.99232, 36.91598],
						[-75.97215, 36.84227],
						[-75.96545, 36.81245],
						[-75.94955, 36.76115],
						[-75.92175, 36.69205],
						[-75.89095, 36.63075],
						[-75.87414, 36.58385],
						[-75.86765, 36.55041],
						[-76.12235, 36.55049],
						[-76.12195, 36.66575],
						[-76.10066, 36.67045],
						[-76.09978, 36.67337],
						[-76.08615, 36.67585],
						[-76.07965, 36.67865],
						[-76.07685, 36.67725],
						[-76.07395, 36.67845],
						[-76.06915, 36.67745],
						[-76.06555, 36.68555],
						[-76.068, 36.69258],
						[-76.08035, 36.70574],
						[-76.08215, 36.71245],
						[-76.09755, 36.71605],
						[-76.14325, 36.75704],
						[-76.18653, 36.76375],
						[-76.2037, 36.76974],
						[-76.22806, 36.83287],
						[-76.22516, 36.83705]
					]
				]
			}
		},
		{
			"type": "Feature",
			"properties": {
				"geoid": "51830",
				"name": "Williamsburg",
				"namelsad": "Williamsburg city",
				"served": true
			},
			"geometry": {
				"type": "Polygon",
				"coordinates": [
					[
						[-76.7422, 37.2762],
						[-76.73848, 37.27593],
						[-76.73748, 37.28019],
						[-76.72563, 37.27969],
						[-76.7249, 37.28076],
						[-76.72546, 37.2844],
						[-76.73409, 37.28644],
						[-76.73137, 37.29118],
						[-76.7337, 37.29293],
						[-76.73322, 37.29757],
						[-76.73455, 37.30013],
						[-76.73924, 37.30225],
						[-76.74095, 37.30159],
						[-76.74055, 37.30579],
						[-76.73097, 37.3101],
						[-76.72899, 37.30562],
						[-76.72786, 37.30593],
						[-76.72731, 37.29891],
						[-76.72436, 37.29577],
						[-76.72005, 37.28623],
						[-76.71645, 37.28122],
						[-76.71011, 37.27736],
						[-76.70986, 37.28273],
						[-76.70112, 37.28287],
						[-76.69928, 37.28508],
						[-76.69064, 37.28875],
						[-76.69117, 37.2906],
						[-76.68895, 37.29254],
						[-76.68533, 37.29378],
						[-76.68187, 37.29264],
						[-76.68154, 37.28164],
						[-76.67863, 37.27944],
						[-76.6783, 37.27684],
						[-76.6848, 37.27067],
						[-76.68015, 37.266],
						[-76.68093, 37.2606],
						[-76.6776, 37.25915],
						[-76.67569, 37.2605],
						[-76.66766, 37.25437],
						[-76.66716, 37.25102],
						[-76.66423, 37.25111],
						[-76.67314, 37.24766],
						[-76.68264, 37.24723],
						[-76.72626, 37.24995],
						[-76.73608, 37.25722],
						[-76.74102, 37.26598],
						[-76.73866, 37.27537],
						[-76.74057, 37.27565],
						[-76.74114, 37.27338],
						[-76.74298, 37.27464],
						[-76.7422, 37.2762]
					]
				]
			}
		}
	]
}
